AVL_INDEP_TIME,DATE,TIME,T_dem_E,SPEED,TORQUE,P,DC_Volt,DC_Curr,DC_Pow,SIG_Volt,SIG_Curr,SIG_Pow,MOTOR_mcu_eff,MOTOR_motor_eff,MOTOR_sys_eff,MOTOR_mcu_reg_eff,MOTOR_motor_reg_eff,MOTOR_sys_reg_eff,Freq_U,Freq_V,Freq_W,MCU_Inv_PWI,MCU_TM_PWO,MCU_Inv_TWI,mot_temp_1,L1L2_Volt,L1L3_Volt,L2L3_Volt,L1L2_Curr,L1L3_Curr,L2L3_Curr,INV_PF_SIGMA,C50_Int_Flow,Flux,Inv_Flux,ModulationIndex_cal,MCU_ModulationIndex,v2m_vehicleReq,v2m_controlModeReq,daxisCurrCmd,daxisCurrFbk,qaxisCurrCmd,qaxisCurrFbk,MotorTemp,Dummy1,Dummy2
38,2026/5/22,14:27:25,0,500,-0.6,-31,663.72,0.33,219,35.43,0,-8,-3.61,425.71,-14.15,-3006.28,25.51,-708.79,0,0,0,1.93,0.75,25.4,26.4,35.36,35.33,35.61,0,0,0,0,12.42,0.87415,0.0087,0.0685,0.0615,3,1,0,-0.1805,0,0.1318,44,114.41,1
39,2026/5/22,14:27:38,20,500,18.4,965,663.72,1.88,1251,37.01,16.13,1021,81.66,94.48,77.15,122.46,105.84,129.62,0,0,0,1.93,0.75,25.3,26.4,37.01,37.23,36.79,16.22,16.11,16.07,0.99,12.4,0.873356,0.0087,0.0715,0.1071,3,1,-2,-1.7478,23,22.9566,43,114.5,1
40,2026/5/22,14:28:06,40,500,38.1,1997,663.72,3.71,2462,39.13,32.45,2148,87.22,92.98,81.1,114.65,107.55,123.31,8.7,13.041,11.72,1.94,0.75,25.2,26.5,39.22,39.3,38.85,32.45,32.6,32.31,0.98,12.47,0.872862,0.0087,0.0756,0.1137,3,1,-10,-9.7363,45,45.2809,41,114.56,1
41,2026/5/22,14:28:17,60,500,57.4,3004,663.72,5.58,3704,41.63,47.75,3297,89,91.09,81.08,112.35,109.78,123.34,10.145,13.039,10.142,1.95,0.75,25.1,26.4,41.79,41.66,41.43,47.67,48.17,47.4,0.96,12.49,0.872895,0.0087,0.0804,0.1188,3,1,-19,-19.299,65,64.8207,40,114.57,1
42,2026/5/22,14:28:27,80,500,76.2,3992,663.71,7.5,4978,43.99,62.27,4469,89.78,89.35,80.22,111.38,111.92,124.66,18.842,20.294,21.748,1.95,0.75,25,26.5,44.11,43.95,43.9,62.13,62.97,61.71,0.94,12.51,0.873053,0.0087,0.085,0.1243,3,1,-30,-30.2186,83,83.0496,40,114.51,1
43,2026/5/22,14:28:39,100,500,96,5029,663.72,9.59,6363,46.46,77.18,5743,90.26,87.57,79.03,110.8,114.2,126.53,23.191,20.287,23.188,1.95,0.75,25,26.5,46.58,46.63,46.16,77.16,77.6,76.78,0.92,12.51,0.873222,0.0087,0.0898,0.13,3,1,-42,-42.029,101,101.1239,40.6,114.52,1
44,2026/5/22,14:28:50,120,500,114.9,6018,663.71,11.67,7743,48.85,91.29,7007,90.51,85.89,77.73,110.49,116.43,128.64,19.692,19.694,27.281,1.96,0.75,25,26.4,49.17,48.58,48.81,91.56,92.32,89.98,0.91,12.55,0.872906,0.0087,0.0944,0.1347,3,1,-53,-52.8372,118,117.7728,41,114.54,1
45,2026/5/22,14:29:00,140,500,134.6,7048,663.71,13.94,9250,50.86,106.03,8380,90.59,84.11,76.19,110.39,118.89,131.24,20.636,26.989,19.048,1.96,0.75,24.9,26.5,50.4,51.37,50.8,104.83,107,106.27,0.9,12.56,0.872651,0.0087,0.0983,0.1391,3,1,-68,-67.6123,134,134.2473,43,114.59,1
46,2026/5/22,14:29:11,160,500,154.4,8086,663.72,16.33,10836,52.68,121.05,9828,90.7,82.27,74.61,110.25,121.56,134.02,9.086,12.121,12.126,1.96,0.75,24.9,26.5,52.56,52.93,52.54,120.27,122.06,120.82,0.89,12.56,0.872903,0.0087,0.1018,0.1419,3,1,-85,-84.9449,149,148.9447,45,114.58,1
47,2026/5/22,14:29:22,180,500,173.7,9093,663.72,18.78,12462,54.58,135.95,11310,90.76,80.39,72.96,110.18,124.39,137.06,13.047,8.697,11.596,1.96,0.75,24.9,26.5,54.57,54.44,54.72,135.01,137.96,134.88,0.88,12.58,0.872865,0.0087,0.1055,0.1448,3,1,-101,-101.5418,164,164.0691,48.8,114.53,1
48,2026/5/22,14:29:32,200,500,193.8,10150,663.71,21.5,14273,56.66,151.95,12948,90.72,78.38,71.11,110.22,127.58,140.62,11.594,10.146,11.59,1.96,0.75,24.9,26.5,56.61,56.71,56.65,150.74,153.9,151.22,0.87,12.58,0.872597,0.0087,0.1095,0.1499,3,1,-118,-118.4493,180,180.1472,52.3,114.59,1
49,2026/5/22,14:29:43,220,500,212.5,11128,663.71,24.2,16065,58.84,167.22,14584,90.78,76.32,69.28,110.16,131.03,144.34,10.606,10.613,12.116,1.96,0.75,25,26.5,58.86,59.01,58.65,165.96,168.92,166.78,0.86,12.58,0.873556,0.0087,0.1137,0.1542,3,1,-133,-133.3065,196,195.7879,58,114.47,1
50,2026/5/22,14:29:54,240,500,232.4,12169,663.71,27.31,18125,61.22,184.06,16451,90.76,73.97,67.14,110.18,135.19,148.95,24.632,15.941,23.185,1.97,0.75,25,26.5,61.23,61.85,60.58,182.31,185,184.87,0.84,12.58,0.873441,0.0087,0.1183,0.1583,3,1,-149,-148.7519,214,214.2037,64.4,114.48,1
51,2026/5/22,14:30:06,260,500,252.6,13224,663.72,30.78,20428,63.44,201.81,18531,90.71,71.37,64.75,110.24,140.11,154.45,24.647,18.841,23.187,1.97,0.75,25.1,26.5,63.65,63.62,63.05,200.5,203.7,201.24,0.84,12.62,0.87331,0.0087,0.1226,0.1633,3,1,-170,-170.2232,230,229.491,73.4,114.52,1
52,2026/5/22,14:30:19,280,500,271.8,14232,663.71,34.44,22860,65.57,219.5,20721,90.64,68.68,62.26,110.32,145.6,160.63,22.219,23.811,20.637,1.97,0.75,25.2,26.4,65.5,65.51,65.71,216.76,223.71,218.02,0.83,12.63,0.872221,0.0087,0.1267,0.1683,3,1,-193,-192.7996,244,243.9753,85.2,114.6,1
53,2026/5/22,14:31:54,300,500,290.4,15206,663.71,37.27,24736,65.91,237.47,22347,90.34,68.05,61.47,110.69,146.96,162.68,14.498,8.699,10.141,1.97,0.75,25.9,26.4,66.49,65.24,66.01,236.37,242.09,233.93,0.82,12.65,0.872318,0.0087,0.1274,0.1683,3,1,-223,-222.8937,252,251.7988,72.8,114.59,1
51,2026/5/20,14:37:25,0,1000,-0.8,-79,663.05,0.31,208,70.99,0,-29,-13.95,282.71,-38.14,-753.83,36.2,-264.14,0,0,0,1.79,0.75,25.8,27.9,70.94,71.12,70.91,0,0,0,0,11.65,0.435378,0.0044,0.1373,0.1316,3,1,0,-0.0863,0,-0.0635,75,229.67,1
20,2026/5/20,14:18:13,20,1000,18.4,1930,662.42,3.45,2288,73.73,16.01,2021,88.35,95.49,84.37,113.18,104.72,118.52,0,0,0,1.79,0.75,26.5,27.5,73.31,74.17,73.72,16.22,16.04,15.78,0.99,11.7,0.434731,0.0043,0.1428,0.1783,3,1,-2,-2.3119,23,23.0195,33,230.04,1
21,2026/5/20,14:18:39,40,1000,38.3,4013,663.65,6.87,4556,76.72,32.29,4203,92.24,95.46,88.05,108.41,104.76,113.57,66.621,66.671,66.66,1.8,0.75,26.4,27.6,75.94,77.27,76.96,32.44,32.31,32.13,0.98,11.79,0.435669,0.0044,0.1483,0.1863,3,1,-10,-9.999,45,45.029,33,229.54,1
22,2026/5/20,14:18:55,60,1000,57.6,6030,663.07,10.29,6820,80.59,47.49,6370,93.39,94.66,88.41,107.07,105.64,113.11,66.65,66.658,66.668,1.79,0.75,26.3,27.4,79.95,81.44,80.36,47.87,47.22,47.39,0.96,11.65,0.435246,0.0044,0.1559,0.1945,3,1,-19,-18.8572,65,65.1361,33,229.8,1
23,2026/5/20,14:19:09,80,1000,76.5,8009,662.36,13.75,9108,84.25,61.99,8541,93.78,93.77,87.94,106.63,106.65,113.72,66.657,66.67,66.677,1.79,0.75,26.2,27.4,84.21,84.55,83.99,62.7,61.83,61.45,0.94,11.66,0.434596,0.0043,0.1631,0.2027,3,1,-30,-30.0159,83,83.2336,34,230.09,1
24,2026/5/20,14:19:22,100,1000,96.3,10090,663.69,17.42,11561,88.26,76.89,10869,94,92.84,87.27,106.39,107.71,114.59,66.667,66.657,66.656,1.79,0.75,26.1,27.4,87.84,88.64,88.3,77.34,76.83,76.49,0.92,11.64,0.435516,0.0044,0.1706,0.2101,3,1,-42,-42.4128,101,100.6995,35,229.63,1
25,2026/5/20,14:19:36,120,1000,115.3,12077,663.68,21.03,13956,92.23,91,13145,94.19,91.87,86.53,106.17,108.84,115.56,66.679,66.675,66.668,1.8,0.75,26.1,27.6,91.36,92.91,92.43,91.23,90.98,90.81,0.9,11.7,0.435452,0.0044,0.1782,0.2169,3,1,-53,-53.314,118,117.8377,37,229.64,1
26,2026/5/20,14:19:49,140,1000,135,14144,663.74,24.83,16479,95.36,105.65,15556,94.4,90.93,85.83,105.93,109.98,116.5,66.682,66.671,66.679,1.79,0.75,26.1,27.5,94.97,95.56,95.54,106.41,105.66,104.88,0.89,11.67,0.435532,0.0044,0.1843,0.2237,3,1,-68,-68.2791,134,133.6911,39.4,229.61,1
27,2026/5/20,14:20:02,160,1000,154.9,16217,663.77,28.81,19121,98.09,120.67,18061,94.46,89.8,84.82,105.86,111.36,117.89,66.671,66.686,66.672,1.79,0.75,26,27.6,97.4,98.45,98.42,121.2,120.8,120.02,0.88,11.68,0.43545,0.0044,0.1895,0.2291,3,1,-85,-85.047,149,149.0962,42.6,229.63,1
28,2026/5/20,14:20:15,180,1000,174.2,18242,664.32,32.8,21787,101.04,135.56,20573,94.43,88.68,83.73,105.9,112.77,119.43,66.662,66.671,66.671,1.79,0.75,26,27.6,100.36,101.32,101.43,136.3,135.73,134.65,0.87,11.67,0.435639,0.0044,0.1951,0.2342,3,1,-101,-101.0558,164,163.953,47,229.54,1
29,2026/5/20,14:20:29,200,1000,194.4,20354,663.73,37.21,24695,104.28,151.52,23300,94.35,87.35,82.42,105.98,114.48,121.33,66.67,66.661,66.658,1.79,0.75,26,27.6,103.62,104.28,104.93,152.51,151.92,150.13,0.85,11.65,0.43529,0.0044,0.2015,0.241,3,1,-118,-117.8709,180,179.8994,53,229.73,1
30,2026/5/20,14:20:42,220,1000,213.1,22318,663.71,41.46,27515,107.64,166.78,25938,94.27,86.04,81.11,106.08,116.23,123.29,66.672,66.672,66.667,1.79,0.75,25.9,27.7,106.52,107.95,108.45,167.32,167.4,165.61,0.83,11.64,0.435176,0.0044,0.208,0.2464,3,1,-133,-133.0356,196,196.127,60,229.77,1
31,2026/5/20,14:20:56,240,1000,233.1,24406,663.78,46.21,30674,111.37,183.65,28891,94.19,84.48,79.57,106.17,118.37,125.68,66.661,66.646,66.668,1.79,0.75,25.9,27.6,110.38,112.64,111.1,184.4,182.57,183.97,0.82,11.74,0.43529,0.0044,0.2152,0.2538,3,1,-149,-149.157,214,213.9276,68.7,229.74,1
32,2026/5/20,14:21:14,260,1000,253.2,26512,663.66,51.37,34095,114.61,201.33,32093,94.13,82.61,77.76,106.24,121.05,128.6,66.658,66.677,66.669,1.79,0.75,26,27.5,113.53,115.37,114.93,202.36,201,200.65,0.8,11.7,0.43502,0.0044,0.2215,0.2596,3,1,-170,-170.2793,230,229.901,83.1,229.84,1
33,2026/5/20,14:23:48,280,1000,272.8,28567,663.8,55.54,36869,115.98,219.04,34628,93.92,82.49,77.48,106.47,121.22,129.06,66.669,66.662,66.663,1.81,0.74,25.9,27.7,114.54,117.05,116.37,219.59,218.9,218.62,0.79,11.77,0.435065,0.0044,0.2241,0.2625,3,1,-193,-193.073,244,243.9017,57,229.83,1
34,2026/5/20,14:24:05,300,1000,291.2,30494,663.66,61.18,40604,118.25,236.95,38096,93.82,80.04,75.1,106.58,124.93,133.16,66.659,66.668,66.665,1.79,0.75,25.8,27.7,117.35,118.8,118.59,238.82,236.32,235.72,0.79,11.68,0.434938,0.0043,0.2285,0.2666,3,1,-223,-222.9919,252,251.7265,71.2,229.92,1
54,2026/5/22,14:32:32,0,1500,-1,-151,663.72,0.25,163,106.28,0,-63,-38.59,240.1,-92.37,-261.03,41.72,-108.57,0,0,0,1.98,0.75,26.2,26.5,105.84,106.48,106.51,0,0,0,0,12.67,0.290239,0.0029,0.2054,0.1979,3,1,0,-0.0004,0,0.0411,80,344.52,1
55,2026/5/22,14:32:44,20,1500,18,2834,663.71,4.9,3252,108.96,15.9,2966,91.21,95.58,87.17,109.64,104.63,114.72,0,0,0,1.98,0.76,26.2,26.5,108.42,109.46,109.01,16.09,16.08,15.54,0.99,12.66,0.290175,0.0029,0.2106,0.2463,3,1,-2,-1.9581,23,23.1108,76,344.63,1
56,2026/5/22,14:32:55,40,1500,37.7,5919,663.71,9.87,6551,113.04,32.15,6164,94.08,96.03,90.35,106.29,104.13,110.68,100.05,99.977,99.896,1.98,0.76,26.3,26.5,112.46,113.64,113.02,32.38,32.32,31.73,0.98,12.69,0.29016,0.0029,0.2184,0.2578,3,1,-10,-10.1414,45,44.8821,72.1,344.68,1
57,2026/5/22,14:33:07,60,1500,56.8,8921,663.71,14.81,9829,118.5,47.36,9328,94.91,95.63,90.76,105.37,104.57,110.19,100.023,100,99.959,1.98,0.76,26.3,26.5,117.97,119.18,118.36,47.69,47.49,46.9,0.96,12.67,0.290148,0.0029,0.229,0.2681,3,1,-19,-18.999,65,64.8327,69,344.65,1
58,2026/5/22,14:33:17,80,1500,75.5,11866,663.71,19.73,13091,123.74,61.83,12480,95.33,95.08,90.64,104.9,105.18,110.33,99.981,99.98,99.996,1.98,0.76,26.3,26.5,123.28,124.39,123.54,62.26,61.96,61.28,0.94,12.68,0.290092,0.0029,0.2391,0.2787,3,1,-30,-29.86,83,82.6118,66.8,344.72,1
59,2026/5/22,14:33:27,100,1500,95.2,14960,663.71,24.94,16556,129.47,76.69,15834,95.65,94.48,90.36,104.55,105.84,110.66,100.007,100.004,100.003,1.98,0.76,26.4,26.5,129.06,130.08,129.26,77.18,76.84,76.04,0.92,12.7,0.290022,0.0029,0.2502,0.2895,3,1,-42,-42.1948,101,100.9673,65,344.78,1
60,2026/5/22,14:33:39,120,1500,114,17915,663.71,30.03,19934,135.2,90.77,19090,95.76,93.86,89.88,104.43,106.55,111.27,99.98,100.001,100.011,1.98,0.76,26.4,26.4,134.79,135.87,134.95,91.42,90.89,90,0.9,12.67,0.289968,0.0029,0.2613,0.3005,3,1,-53,-52.9014,118,117.7365,64,344.86,1
61,2026/5/22,14:33:50,140,1500,133.6,20992,663.72,35.45,23528,139.6,105.45,22536,95.78,93.15,89.22,104.4,107.35,112.08,99.979,99.984,100.005,1.98,0.76,26.5,26.4,139.07,140.29,139.43,106.18,105.65,104.53,0.88,12.67,0.289969,0.0029,0.2698,0.3085,3,1,-68,-68.0697,134,134.2897,64,344.88,1
62,2026/5/22,14:34:02,160,1500,153.3,24083,663.72,41.01,27220,143.36,120.44,26071,95.78,92.37,88.47,104.4,108.26,113.03,100.012,100.003,99.996,1.98,0.76,26.5,26.4,142.73,144.08,143.27,121.2,120.68,119.44,0.87,12.65,0.289936,0.0029,0.277,0.3164,3,1,-85,-84.6416,149,148.9832,65,344.88,1
63,2026/5/22,14:34:14,180,1500,172.5,27090,663.72,46.54,30885,147.43,135.31,29583,95.78,91.57,87.71,104.4,109.2,114.01,100.009,99.989,99.999,1.98,0.76,26.6,26.4,146.63,148.24,147.41,136.11,135.62,134.19,0.86,12.67,0.289845,0.0029,0.2849,0.3239,3,1,-101,-100.5191,164,163.9081,67.1,345.02,1
64,2026/5/22,14:34:24,200,1500,192.5,30233,663.71,52.48,34828,151.87,151.23,33346,95.75,90.66,86.81,104.44,110.3,115.2,99.998,100.001,100.004,1.98,0.76,26.7,26.4,150.91,152.81,151.88,152.12,151.55,150.02,0.84,12.67,0.289847,0.0029,0.2935,0.3326,3,1,-118,-117.8094,180,179.9503,70.6,345.02,1
65,2026/5/22,14:34:35,220,1500,211.1,33152,663.72,58.17,38612,156.49,166.48,36953,95.7,89.71,85.86,104.49,111.47,116.47,100.002,99.996,100.002,1.97,0.76,26.7,26.3,155.38,157.59,156.52,167.46,166.77,165.2,0.82,12.65,0.289843,0.0029,0.3024,0.3402,3,1,-133,-133.2793,196,195.9263,75,345.06,1
66,2026/5/22,14:34:46,240,1500,230.8,36251,663.72,64.48,42795,161.58,183.32,40909,95.59,88.62,84.71,104.61,112.84,118.05,100.003,100,100,1.97,0.76,26.8,26.5,160.31,162.83,161.59,184.41,183.54,181.99,0.8,12.65,0.289762,0.0029,0.3122,0.35,3,1,-149,-148.9299,214,213.9454,80.7,345.1,1
67,2026/5/22,14:34:57,260,1500,250.8,39396,663.71,71.13,47210,165.64,201.01,45092,95.51,87.37,83.45,104.7,114.46,119.83,100.002,99.998,99.991,1.97,0.76,26.9,26.5,164.27,167.01,165.64,202.33,201.06,199.63,0.78,12.66,0.289711,0.0029,0.3201,0.3575,3,1,-170,-169.8658,230,229.8651,87.7,345.13,1
68,2026/5/22,14:37:01,280,1500,270.3,42465,663.71,76.98,51095,168.02,218.69,48749,95.41,87.11,83.11,104.81,114.8,120.32,100,100,100.002,1.96,0.76,27.4,26.6,166.71,169.42,167.94,220.4,218.47,217.2,0.77,12.56,0.289742,0.0029,0.3247,0.3612,3,1,-193,-192.6996,244,243.6114,68.4,345.13,1
69,2026/5/22,14:37:13,300,1500,288.7,45345,663.71,83.87,55667,170.25,236.6,53050,95.3,85.48,81.46,104.93,116.99,122.76,100.011,99.995,100.004,1.96,0.76,27.3,26.6,168.78,171.67,170.3,238.46,236.45,234.89,0.76,12.56,0.289711,0.0029,0.329,0.3658,3,1,-223,-222.9745,252,252.0465,75.2,345.18,1
50,2026/5/20,14:37:05,0,2000,-1.2,-240,664.67,0.2,129,142.17,0,-112,-87.65,213.24,-186.4,-115.03,46.98,-53.89,0,0,0,1.79,0.76,25.8,27.9,141.6,142.41,142.5,0,0,0,0,11.65,0.217705,0.0022,0.2743,0.2656,3,1,0,0.0943,0,-0.0139,81,459.35,1
35,2026/5/20,14:25:23,20,2000,18,3776,662.87,6.45,4279,146.16,15.78,3951,92.34,95.58,88.26,108.3,104.62,113.3,0,0,0,1.79,0.75,26.2,27.7,145.35,146.76,146.35,15.97,15.97,15.41,0.99,11.66,0.217189,0.0022,0.2828,0.3188,3,1,-2,-1.8747,23,22.8979,73.2,460.46,1
36,2026/5/20,14:25:38,40,2000,37.8,7911,662.85,13.02,8633,150.99,31.98,8209,95.09,96.37,91.65,105.16,103.76,109.12,133.302,133.327,133.112,1.79,0.75,26.3,27.8,149.98,152.05,150.94,32.26,32.09,31.6,0.98,11.69,0.217155,0.0022,0.2922,0.3298,3,1,-10,-9.8812,45,44.9458,68.2,460.48,1
37,2026/5/20,14:25:51,60,2000,57,11939,662.69,19.54,12952,157.77,47.18,12409,95.81,96.21,92.18,104.38,103.94,108.48,133.293,133.336,133.313,1.8,0.75,26.3,27.8,156.81,158.62,157.88,47.45,47.33,46.76,0.96,11.65,0.217099,0.0022,0.3053,0.3447,3,1,-19,-18.8365,65,64.9573,65,460.64,1
38,2026/5/20,14:26:04,80,2000,75.8,15876,662.6,25.95,17191,164.23,61.6,16556,96.3,95.89,92.34,103.84,104.29,108.29,133.322,133.321,133.31,1.8,0.75,26.3,27.8,163.59,164.76,164.35,62.02,61.84,60.93,0.94,11.65,0.217046,0.0022,0.3179,0.3569,3,1,-30,-29.8144,83,83.2884,62,460.73,1
39,2026/5/20,14:32:45,100,2000,95.4,19971,663.78,32.67,21685,171.19,76.49,20917,96.46,95.47,92.09,103.67,104.74,108.59,133.314,133.318,133.338,1.79,0.76,26.8,27.6,170.39,171.87,171.32,76.99,76.67,75.79,0.92,11.63,0.217287,0.0022,0.3308,0.3701,3,1,-42,-42.2207,101,101.2969,49,460.23,1
40,2026/5/20,14:32:58,120,2000,114.1,23891,663.86,39.25,26057,178.45,90.47,25147,96.51,95.01,91.69,103.62,105.26,109.06,133.315,133.338,133.299,1.79,0.76,26.7,27.7,177.5,179.48,178.37,91.11,90.52,89.78,0.9,11.62,0.217274,0.0022,0.3448,0.3837,3,1,-53,-52.6824,118,117.9703,49.3,460.25,1
41,2026/5/20,14:33:10,140,2000,133.7,28000,663.66,46.27,30707,183.98,105.2,29647,96.55,94.45,91.19,103.58,105.88,109.66,133.335,133.326,133.338,1.79,0.76,26.6,27.7,182.86,185.21,183.86,105.88,105.18,104.54,0.88,11.63,0.21725,0.0022,0.3555,0.3947,3,1,-68,-67.8347,134,134.0097,51,460.27,1
42,2026/5/20,14:33:37,160,2000,153.4,32122,663.79,53.37,35424,188.67,120.14,34220,96.6,93.87,90.68,103.52,106.53,110.28,133.321,133.316,133.344,1.79,0.76,26.5,27.7,187.67,189.88,188.47,121.04,120.06,119.34,0.87,11.61,0.217257,0.0022,0.3646,0.4024,3,1,-85,-85.0879,149,149.021,56.2,460.3,1
43,2026/5/20,14:33:48,180,2000,172.5,36125,662.55,60.53,40106,193.74,134.98,38741,96.59,93.24,90.07,103.53,107.24,111.03,133.322,133.351,133.337,1.79,0.76,26.4,27.6,192.52,195.17,193.53,135.93,134.91,134.09,0.86,11.62,0.216878,0.0022,0.375,0.4135,3,1,-101,-101.2384,164,164.207,59.8,461.1,1
44,2026/5/20,14:33:58,200,2000,192.5,40324,663.7,67.99,45124,199.26,150.9,43566,96.55,92.56,89.36,103.58,108.04,111.9,133.324,133.334,133.325,1.79,0.76,26.3,27.7,197.75,200.53,199.5,151.96,151.05,149.71,0.84,11.68,0.217201,0.0022,0.3851,0.4241,3,1,-118,-117.761,180,179.8386,63,460.39,1
45,2026/5/20,14:34:10,220,2000,211.1,44216,663.87,75.13,49876,205.11,166.12,48153,96.55,91.82,88.65,103.58,108.91,112.8,133.328,133.337,133.332,1.79,0.76,26.3,27.6,203.48,206.7,205.14,167.36,166.07,164.94,0.82,11.63,0.217213,0.0022,0.3962,0.434,3,1,-133,-133.3247,196,195.6155,69,460.38,1
46,2026/5/20,14:34:20,240,2000,230.8,48347,663.59,83.02,55089,211.55,182.91,53155,96.49,90.95,87.76,103.64,109.95,113.95,133.337,133.326,133.337,1.79,0.76,26.3,27.7,209.8,213.38,211.47,184.32,182.68,181.73,0.79,11.66,0.217112,0.0022,0.4089,0.446,3,1,-149,-148.7623,214,213.9719,75,460.55,1
47,2026/5/20,14:34:34,260,2000,250.9,52543,663.44,91.33,60592,216.63,200.6,58409,96.4,89.95,86.71,103.74,111.17,115.32,133.334,133.333,133.317,1.79,0.76,26.2,27.7,214.7,218.3,216.9,202.29,200.5,199,0.78,11.64,0.217089,0.0022,0.4188,0.4552,3,1,-170,-170.0224,230,229.5437,83.5,460.65,1
48,2026/5/20,14:35:46,280,2000,270.4,56619,663.09,99.02,65661,220.05,218.24,63227,96.29,89.55,86.23,103.85,111.67,115.97,133.336,133.327,133.345,1.79,0.76,26,28,217.78,222.33,220.04,219.85,217.97,216.9,0.76,11.6,0.216891,0.0022,0.4256,0.4627,3,1,-193,-192.6586,244,243.7988,77,461.03,1
49,2026/5/20,14:35:58,300,2000,288.6,60451,662.65,107.45,71203,222.44,236.11,68490,96.19,88.26,84.9,103.96,113.3,117.79,133.33,133.333,133.33,1.79,0.76,26,27.9,220.24,224.43,222.66,238.25,235.74,234.33,0.75,11.63,0.216798,0.0022,0.4305,0.4674,3,1,-223,-223.0412,252,252.2608,83.1,461.26,1
70,2026/5/22,14:37:36,0,2500,-1.3,-353,663.72,0.1,69,177.16,0,-177,-255.6,199.84,-509.04,-39.89,50.09,-19.91,0,0,0,1.95,0.76,27.5,26.6,176.29,177.68,177.52,0,0,0,0,12.52,0.173888,0.0017,0.3423,0.3328,3,1,0,-0.0216,0,0.1048,94,575.1,1
71,2026/5/22,14:38:16,0,2500,-1.3,-345,663.72,0.12,79,177.29,0,-164,-219.2,209.77,-457.39,-47.79,47.73,-22.69,0,0,0,1.93,0.76,27.5,26.6,176.53,177.83,177.51,0,0,0,0,12.42,0.173889,0.0017,0.3426,0.3326,3,1,0,0.0388,0,-0.0746,80,575.05,1
72,2026/5/22,14:38:27,20,2500,17.7,4626,663.71,7.83,5200,180.98,15.67,4857,93.42,95.24,88.97,107.05,105,112.4,0,0,0,1.93,0.76,27.5,26.7,180.56,181.7,180.69,15.9,15.89,15.22,0.99,12.4,0.173825,0.0017,0.3497,0.3855,3,1,-2,-1.8385,23,23.0926,76.4,575.26,1
73,2026/5/22,14:38:37,40,2500,37.3,9761,663.71,15.93,10574,186.95,31.87,10119,95.69,96.47,92.31,104.5,103.66,108.33,166.655,166.681,166.556,1.92,0.75,27.4,26.8,185.97,187.82,187.06,32.11,32.09,31.41,0.98,12.37,0.173817,0.0017,0.3613,0.3992,3,1,-10,-9.9145,45,45.2473,73,575.31,1
74,2026/5/22,14:38:48,60,2500,56.3,14749,663.72,23.88,15852,195.4,47.03,15287,96.44,96.47,93.04,103.69,103.66,107.48,166.648,166.68,166.634,1.92,0.75,27.3,26.8,194.36,196.51,195.34,47.36,47.19,46.55,0.96,12.35,0.173789,0.0017,0.3776,0.4162,3,1,-19,-18.6966,65,65.045,70,575.4,1
75,2026/5/22,14:38:59,80,2500,75,19643,663.72,31.75,21070,203.5,61.46,20403,96.83,96.27,93.23,103.27,103.87,107.27,166.6,166.645,166.63,1.91,0.75,27.3,26.6,202.7,204.47,203.32,61.91,61.61,60.85,0.94,12.32,0.173804,0.0017,0.3932,0.4324,3,1,-30,-29.9347,83,82.9807,67,575.39,1
76,2026/5/22,14:39:11,100,2500,94.6,24777,663.72,40.14,26639,212.39,76.27,25815,96.91,95.98,93.01,103.19,104.19,107.51,166.64,166.678,166.658,1.91,0.75,27.3,26.6,211.21,213.71,212.26,76.72,76.43,75.65,0.92,12.31,0.173778,0.0017,0.4104,0.4496,3,1,-42,-42.1876,101,100.9872,65.5,575.48,1
77,2026/5/22,14:39:23,120,2500,113.3,29664,663.72,48.17,31974,221.37,90.27,31023,97.03,95.62,92.77,103.07,104.58,107.79,166.65,166.669,166.647,1.9,0.75,27.2,26.6,220.18,222.96,220.96,90.86,90.35,89.59,0.9,12.29,0.173749,0.0017,0.4278,0.466,3,1,-53,-53.1265,118,118.1246,65,575.54,1
78,2026/5/22,14:39:35,140,2500,132.8,34772,663.71,56.66,37606,228.14,104.9,36511,97.09,95.24,92.46,103,105,108.15,166.656,166.677,166.655,1.9,0.75,27.1,26.6,227.08,229.57,227.78,105.64,105.03,104.04,0.88,12.29,0.173737,0.0017,0.4409,0.4809,3,1,-68,-68.0346,134,133.8148,65,575.58,1
79,2026/5/22,14:39:45,160,2500,152.4,39902,663.71,65.34,43368,233.82,119.84,42107,97.1,94.76,92.01,102.99,105.53,108.68,166.645,166.674,166.656,1.9,0.75,27.1,26.6,232.62,235.47,233.38,120.68,119.93,118.91,0.87,12.26,0.173708,0.0017,0.4518,0.49,3,1,-85,-85.0288,149,148.8702,66,575.68,1
80,2026/5/22,14:39:55,180,2500,171.4,44870,663.72,73.84,49009,240.01,134.58,47590,97.11,94.29,91.56,102.98,106.06,109.22,166.657,166.66,166.66,1.89,0.75,27,26.6,238.44,241.73,239.87,135.44,134.77,133.55,0.85,12.21,0.173699,0.0017,0.4638,0.5026,3,1,-101,-100.9344,164,163.9028,68,575.7,1
81,2026/5/22,14:40:05,200,2500,191.4,50102,663.71,82.94,55048,246.83,150.5,53468,97.13,93.7,91.02,102.95,106.72,109.87,166.667,166.663,166.673,1.89,0.75,27,26.7,245.41,248.59,246.5,151.79,150.5,149.22,0.83,12.24,0.173669,0.0017,0.477,0.5155,3,1,-118,-118.0405,180,179.8588,71,575.81,1
82,2026/5/22,14:40:16,220,2500,209.9,54941,663.71,91.61,60800,253.95,165.72,59014,97.06,93.1,90.36,103.03,107.41,110.67,166.655,166.666,166.666,1.89,0.75,26.9,26.6,251.8,256.07,253.98,166.8,165.96,164.41,0.81,12.2,0.173653,0.0017,0.4907,0.5286,3,1,-133,-132.9049,196,195.91,75,575.9,1
83,2026/5/22,14:40:26,240,2500,229.4,60071,663.7,100.96,67009,261.72,182.44,65010,97.02,92.41,89.65,103.08,108.22,111.55,166.666,166.661,166.668,1.89,0.75,26.9,26.6,259.73,263.74,261.69,184.09,182.48,180.77,0.79,12.19,0.173596,0.0017,0.5058,0.5426,3,1,-149,-149.1481,214,214.0286,80.4,576.02,1
84,2026/5/22,14:42:04,260,2500,249.9,65410,663.72,110.41,73279,266.96,200.11,71022,96.92,92.1,89.26,103.18,108.58,112.03,166.665,166.667,166.676,1.88,0.75,26.3,26.5,264.71,269.42,266.75,201.99,199.89,198.46,0.77,12.18,0.173574,0.0017,0.5159,0.5527,3,1,-170,-170.1049,230,230.0598,67,576.11,1
85,2026/5/22,14:42:16,280,2500,268.9,70395,663.71,120.15,79744,272.22,217.72,77236,96.86,91.14,88.28,103.25,109.72,113.28,166.666,166.663,166.666,1.89,0.75,26.2,26.5,269.42,275.17,272.09,219.55,217.54,216.05,0.75,12.21,0.173555,0.0017,0.526,0.5621,3,1,-193,-192.8323,244,243.9858,72.3,576.18,1
86,2026/5/22,14:42:27,300,2500,287.2,75202,663.7,129.93,86231,274.79,235.59,83449,96.77,90.11,87.2,103.34,110.97,114.67,166.669,166.672,166.665,1.88,0.75,26.2,26.5,272.2,277.11,275.05,238.16,235.43,233.18,0.74,12.2,0.173542,0.0017,0.531,0.5668,3,1,-223,-223.2467,252,252.0117,83,576.23,1
52,2026/5/20,14:37:43,0,3000,-1.6,-508,663.9,-0.01,-5,213.88,0,-276,-7916.4,183.63,-14814.57,1.5,54.5,0.86,0,0,0,1.8,0.76,25.7,27.9,212.83,214.73,214.08,0,0,0,0,11.66,0.144884,0.0014,0.4132,0.403,3,1,0,0.1033,0,-0.2807,69.9,690.18,1
53,2026/5/20,14:38:02,20,3000,17.5,5498,664.78,9.28,6166,217.96,15.5,5791,93.92,94.88,89.11,106.48,105.4,112.22,0,0,0,1.8,0.75,25.6,28,217.26,218.97,217.64,15.73,15.71,15.07,0.99,11.63,0.145009,0.0015,0.4205,0.4552,3,1,-2,-2.0896,23,23.0798,64,689.63,1
54,2026/5/20,14:38:14,40,3000,37.2,11675,664.37,18.94,12585,224.66,31.66,12093,96.09,96.53,92.76,104.06,103.59,107.8,200.143,200.027,200.027,1.8,0.76,25.5,27.9,223.78,225.74,224.46,31.99,31.84,31.16,0.98,11.62,0.144873,0.0014,0.4337,0.4722,3,1,-10,-10.1423,45,44.959,61.9,690.29,1
55,2026/5/20,14:38:24,60,3000,56.3,17680,664.47,28.4,18868,234.47,46.82,18287,96.92,96.69,93.72,103.18,103.42,106.71,200.017,200.022,200.05,1.8,0.75,25.5,27.9,233.42,235.57,234.42,47.2,46.97,46.29,0.96,11.69,0.144871,0.0014,0.4526,0.4909,3,1,-19,-18.933,65,65.1158,60,690.27,1
56,2026/5/20,14:38:35,80,3000,74.9,23529,662.82,37.84,25079,243.76,61.16,24369,97.17,96.55,93.82,102.91,103.58,106.59,200.04,200.034,199.92,1.8,0.75,25.5,28,242.51,244.99,243.79,61.58,61.33,60.57,0.94,11.66,0.144589,0.0014,0.4717,0.5119,3,1,-30,-29.8802,83,83.256,58,691.64,1
57,2026/5/20,14:38:45,100,3000,94.5,29681,663.12,47.74,31657,254.17,75.93,30813,97.33,96.32,93.75,102.74,103.82,106.66,200.009,200.015,200.001,1.8,0.75,25.5,28.1,252.72,255.7,254.09,76.41,76.06,75.31,0.92,11.7,0.144608,0.0014,0.4916,0.5309,3,1,-42,-41.8258,101,100.786,57,691.54,1
58,2026/5/20,14:38:56,120,3000,113.2,35561,663.04,57.28,37978,264.72,89.88,37008,97.44,96.09,93.64,102.62,104.07,106.8,200.002,200.02,199.977,1.82,0.75,25.4,28.2,263.17,266.54,264.44,90.52,89.97,89.17,0.9,11.77,0.144575,0.0014,0.5121,0.5517,3,1,-53,-53.0158,118,117.7304,57,691.63,1
59,2026/5/20,14:39:07,140,3000,132.7,41677,662.72,67.39,44663,272.63,104.47,43532,97.47,95.74,93.32,102.6,104.45,107.16,200.033,200.002,200.005,1.8,0.75,25.4,28.1,271.05,274.62,272.23,105.28,104.46,103.67,0.88,11.69,0.14446,0.0014,0.5276,0.5673,3,1,-68,-67.9546,134,133.9397,58,692.24,1
60,2026/5/20,14:39:16,160,3000,152.3,47840,664.3,77.42,51431,279.23,119.36,50160,97.53,95.38,93.02,102.53,104.85,107.5,199.979,200.011,199.972,1.8,0.75,25.4,28,277.65,281.22,278.83,120.35,119.28,118.44,0.87,11.65,0.144738,0.0014,0.5391,0.5778,3,1,-85,-85.0132,149,148.9872,59.1,690.91,1
61,2026/5/20,14:39:27,180,3000,171.3,53834,663.97,87.56,58135,286.47,134.15,56691,97.52,94.96,92.6,102.55,105.31,107.99,199.976,200.011,199.992,1.8,0.75,25.4,28,284.74,288.57,286.11,135.32,134.05,133.08,0.85,11.69,0.144694,0.0014,0.5534,0.5924,3,1,-101,-100.8039,164,163.821,62,691.09,1
62,2026/5/20,14:39:37,200,3000,191.3,60100,662.38,98.49,65240,294.4,150.01,63614,97.51,94.48,92.12,102.56,105.85,108.55,200.01,199.999,199.994,1.8,0.75,25.5,28,292.22,296.71,294.27,151.3,149.89,148.84,0.83,11.68,0.144361,0.0014,0.57,0.6077,3,1,-118,-117.8638,180,179.6179,65,692.7,1
63,2026/5/20,14:39:47,220,3000,209.8,65915,663.41,108.49,71974,302.71,165.21,70152,97.47,93.96,91.58,102.6,106.43,109.19,200.007,199.994,199.994,1.8,0.76,25.5,28,300.29,305.14,302.7,166.66,165.12,163.84,0.81,11.67,0.144499,0.0014,0.5852,0.624,3,1,-133,-133.0895,196,196.1244,69.8,692.03,1
64,2026/5/20,14:39:57,240,3000,229.4,72076,663.85,119.34,79223,311.87,181.9,77188,97.43,93.38,90.98,102.64,107.09,109.92,199.994,200.006,200,1.8,0.75,25.6,28,309.02,314.67,311.93,183.53,181.8,180.37,0.79,11.65,0.144591,0.0014,0.6025,0.6403,3,1,-149,-148.9857,214,213.9708,75,691.59,1
65,2026/5/20,14:40:09,260,3000,249.2,78309,662.54,130.94,86750,318.84,199.38,84490,97.39,92.68,90.27,102.68,107.89,110.78,199.997,199.998,200,1.8,0.75,25.6,28,316.02,321.84,318.68,201.37,199,197.77,0.77,11.72,0.144321,0.0014,0.6172,0.6548,3,1,-170,-169.7112,230,229.6967,83.4,692.87,1
66,2026/5/20,14:41:17,280,3000,268.6,84370,664.16,141.36,93882,323.88,216.96,91349,97.3,92.36,89.87,102.77,108.27,111.27,199.992,199.989,199.983,1.8,0.76,26.1,28,320.27,327.34,324.02,218.99,216.74,215.14,0.75,11.69,0.144611,0.0014,0.6254,0.6623,3,1,-193,-192.8958,244,243.936,79,691.49,1
67,2026/5/20,14:41:26,300,3000,286.9,90145,662.86,152.88,101337,326.63,234.79,98519,97.22,91.5,88.95,102.86,109.29,112.42,200.002,200.01,199.991,1.8,0.76,26.1,28,322.75,330.63,326.51,236.98,234.46,232.94,0.74,11.7,0.144344,0.0014,0.632,0.6681,3,1,-223,-222.3519,252,252.1202,83.7,692.8,1
87,2026/5/22,14:43:57,0,3500,-2,-730,663.72,-0.22,-149,248.05,0,-430,289.64,170.09,493.14,34.65,58.84,20.4,0,0,0,1.91,0.75,25.9,26.6,246.79,248.98,248.37,0,0,0,0,12.27,0.124119,0.0012,0.4793,0.4656,3,1,0,-0.033,0,-0.1456,75.1,805.66,1
88,2026/5/22,14:44:10,20,3500,17,6241,663.72,10.53,6991,252.68,15.26,6607,94.5,94.46,89.26,105.82,105.87,112.03,0,0,0,1.91,0.75,25.9,26.6,251.73,253.81,252.47,15.46,15.5,14.82,0.99,12.31,0.124069,0.0012,0.4883,0.5236,3,1,-2,-1.7993,23,23.2304,71.9,806,1
89,2026/5/22,14:44:21,40,3500,36.6,13414,663.71,21.71,14407,260.47,31.42,13907,96.53,96.45,93.11,103.59,103.68,107.4,233.284,233.319,233.281,1.91,0.75,25.8,26.6,259.26,261.83,260.32,31.75,31.59,30.92,0.98,12.34,0.124036,0.0012,0.5033,0.5425,3,1,-10,-9.7767,45,45.1258,68,806.18,1
90,2026/5/22,14:44:34,60,3500,55.5,20348,663.71,32.6,21639,271.85,46.5,21043,97.25,96.7,94.04,102.83,103.41,106.34,233.333,233.33,233.273,1.92,0.75,25.7,26.6,270.41,273.44,271.7,46.92,46.62,45.97,0.96,12.37,0.124024,0.0012,0.5253,0.5653,3,1,-19,-18.8498,65,64.9295,65,806.3,1
91,2026/5/22,14:44:45,80,3500,74.2,27178,663.71,43.44,28833,282.86,60.89,28110,97.49,96.68,94.26,102.57,103.43,106.09,233.393,233.365,233.37,1.92,0.75,25.7,26.7,281.52,284.23,282.83,61.39,61.07,60.22,0.94,12.38,0.124015,0.0012,0.5466,0.5865,3,1,-30,-30.1297,83,83.1397,63,806.37,1
92,2026/5/22,14:44:56,100,3500,93.7,34358,663.72,54.88,36426,295.07,75.67,35577,97.67,96.58,94.33,102.39,103.55,106.02,233.322,233.331,233.323,1.93,0.75,25.6,26.6,293.4,297.12,294.68,76.26,75.75,75.02,0.92,12.39,0.123981,0.0012,0.5702,0.6094,3,1,-42,-42.0186,101,101.0119,62,806.54,1
93,2026/5/22,14:45:06,120,3500,112.2,41144,663.71,65.82,43684,307.39,89.55,42689,97.72,96.38,94.19,102.33,103.76,106.17,233.332,233.315,233.27,1.93,0.75,25.6,26.6,305.58,309.45,307.13,90.23,89.63,88.79,0.9,12.39,0.123954,0.0012,0.594,0.6327,3,1,-53,-52.9704,118,118.2382,61.9,806.7,1
94,2026/5/22,14:45:17,140,3500,131.6,48223,663.72,77.31,51315,316.61,104.08,50187,97.8,96.08,93.97,102.25,104.08,106.42,233.333,233.326,233.36,1.94,0.75,25.6,26.6,315.02,318.76,316.06,104.94,104.17,103.12,0.88,12.45,0.123933,0.0012,0.6118,0.651,3,1,-68,-68.1784,134,134.0023,62,806.9,1
95,2026/5/22,14:45:28,160,3500,150.9,55310,663.73,88.94,59034,324.27,118.79,57741,97.81,95.79,93.69,102.24,104.4,106.73,233.326,233.314,233.309,1.94,0.75,25.5,26.6,322.17,326.68,323.97,119.69,118.87,117.8,0.87,12.44,0.123927,0.0012,0.6266,0.6666,3,1,-85,-85.0453,149,149.0202,63,806.95,1
96,2026/5/22,14:45:38,180,3500,169.8,62258,663.71,100.47,66680,332.72,133.5,65227,97.82,95.45,93.37,102.23,104.77,107.1,233.346,233.339,233.346,1.94,0.75,25.5,26.6,330.84,335.3,332.01,134.62,133.57,132.33,0.85,12.45,0.123901,0.0012,0.6429,0.6811,3,1,-101,-100.8184,164,164.1714,65.3,807.08,1
97,2026/5/22,14:45:49,200,3500,189.8,69560,663.69,112.78,74854,341.92,149.4,73212,97.81,95.01,92.93,102.24,105.25,107.61,233.347,233.323,233.337,1.94,0.75,25.5,26.5,339.54,345,341.2,150.62,149.59,147.98,0.83,12.49,0.123873,0.0012,0.6607,0.6975,3,1,-118,-118.5258,180,179.7944,69,807.27,1
98,2026/5/22,14:46:00,220,3500,208.7,76486,663.71,124.62,82709,351.44,164.92,80879,97.79,94.57,92.48,102.26,105.74,108.13,233.334,233.314,233.325,1.94,0.75,25.6,26.6,348.75,355.09,350.47,166.58,165.18,163,0.81,12.47,0.123866,0.0012,0.6791,0.7171,3,1,-133,-132.5682,196,196.2261,73,807.37,1
99,2026/5/22,14:46:12,240,3500,229,83921,663.7,137.59,91320,362.03,182.19,89250,97.73,94.03,91.9,102.32,106.35,108.82,233.326,233.32,233.33,1.94,0.75,25.6,26.5,359.01,365.95,361.13,184.06,182.18,180.32,0.78,12.49,0.12384,0.0012,0.6996,0.7374,3,1,-149,-148.9907,214,213.6489,80.1,807.5,1
100,2026/5/22,14:46:23,260,3500,249.2,91335,663.72,150.81,100095,370.22,200.12,97770,97.68,93.42,91.25,102.38,107.04,109.59,233.329,233.343,233.346,1.95,0.75,25.7,26.6,367.05,374.22,369.38,202.15,200.24,197.97,0.76,12.47,0.123807,0.0012,0.7154,0.7527,3,1,-170,-170.1165,230,230.0942,87.7,807.68,1
101,2026/5/22,14:48:16,280,3500,268.8,98527,663.72,163.06,108221,375.9,217.94,105619,97.6,93.28,91.04,102.46,107.2,109.84,233.334,233.334,233.325,1.96,0.76,26.1,26.6,372.63,380.12,374.96,220.45,217.99,215.37,0.74,12.53,0.12381,0.0012,0.7264,0.7632,3,1,-193,-193.0667,244,243.6344,68,807.71,1
102,2026/5/22,14:48:28,300,3500,287.2,105254,663.71,175.88,116730,379.07,235.84,113830,97.52,92.47,90.17,102.55,108.15,110.9,233.338,233.332,233.332,1.96,0.76,26.1,26.6,375.14,383.69,378.37,238.37,235.95,233.21,0.74,12.55,0.123783,0.0012,0.7325,0.7699,3,1,-223,-222.8491,252,252.0047,75.3,807.86,1
68,2026/5/20,14:42:17,0,4000,-2.4,-990,664.38,-0.49,-325,283.98,0,-631,194.82,157,305.99,51.38,63.72,32.75,0,0,0,1.8,0.76,26.5,28,282.96,284.54,284.44,0,0,0,0,11.69,0.108643,0.0011,0.5482,0.5331,3,1,0,-0.0131,0,0.0547,86.1,920.44,1
69,2026/5/20,14:42:27,20,4000,16.8,7028,663.08,11.85,7859,288.86,15.06,7447,94.75,94.37,89.42,105.54,105.97,111.84,0,0,0,1.8,0.76,26.6,28,287.77,290.24,288.57,15.31,15.27,14.61,0.99,11.68,0.108412,0.0011,0.5587,0.5942,3,1,-2,-2.3093,23,22.9214,82,922.39,1
70,2026/5/20,14:42:39,40,4000,36.2,15165,663,24.5,16243,297.44,31.11,15733,96.86,96.39,93.37,103.24,103.74,107.11,266.743,266.517,266.764,1.8,0.76,26.6,28.1,295.9,299.28,297.15,31.53,31.16,30.66,0.98,11.68,0.108398,0.0011,0.5754,0.6126,3,1,-10,-9.9759,45,45.3059,77.8,922.54,1
71,2026/5/20,14:42:49,60,4000,55,23049,663.32,36.86,24452,310.22,46.13,23837,97.48,96.7,94.26,102.58,103.42,106.09,266.715,266.708,266.643,1.8,0.76,26.6,28.1,308.66,312.06,309.95,46.58,46.12,45.69,0.96,11.7,0.108404,0.0011,0.5998,0.6398,3,1,-19,-19.1933,65,65.0621,75,922.53,1
72,2026/5/20,14:43:01,80,4000,73.5,30774,664.45,49,32555,322.7,60.4,31824,97.76,96.7,94.53,102.29,103.42,105.79,266.689,266.696,266.691,1.8,0.76,26.7,28.1,321.22,324.32,322.55,60.85,60.49,59.87,0.94,11.71,0.108539,0.0011,0.6229,0.6627,3,1,-30,-30.008,83,83.0078,72,921.34,1
73,2026/5/20,14:43:12,100,4000,92.8,38854,664.57,61.78,41055,336.26,74.96,40193,97.9,96.67,94.64,102.14,103.45,105.67,266.659,266.654,266.707,1.8,0.76,26.7,28,334.34,338.27,336.16,75.6,75.07,74.2,0.92,11.68,0.108535,0.0011,0.6489,0.6908,3,1,-42,-41.9318,101,101.1841,70,921.35,1
74,2026/5/20,14:43:24,120,4000,111.9,46879,663.98,74.69,49590,350.45,89.32,48592,97.99,96.48,94.54,102.05,103.65,105.78,266.61,266.669,266.667,1.8,0.76,26.7,28,348.63,353.25,349.48,90.17,89.39,88.4,0.9,11.68,0.108462,0.0011,0.6769,0.7186,3,1,-53,-53.0306,118,118.3557,68,921.95,1
75,2026/5/20,14:43:35,140,4000,132.1,55350,662.81,88.45,58626,361.18,104.41,57476,98.04,96.3,94.41,102,103.84,105.92,266.695,266.714,266.677,1.8,0.76,26.8,28.1,358.59,363.72,361.23,105.03,104.71,103.5,0.88,11.69,0.108262,0.0011,0.699,0.737,3,1,-68,-67.6619,134,134.9084,68,923.68,1
76,2026/5/20,14:43:46,160,4000,152.2,63752,662.68,102.22,67741,369.98,119.72,66412,98.04,96,94.12,102,104.17,106.25,266.598,266.661,266.682,1.8,0.76,26.8,28.1,368.05,372.59,369.28,120.52,120.2,118.46,0.87,11.75,0.108222,0.0011,0.716,0.7558,3,1,-85,-85.1681,149,149.3268,69,924.01,1
77,2026/5/20,14:43:57,180,4000,171.4,71796,663.89,115.33,76567,379.48,134.69,75046,98.02,95.67,93.77,102.02,104.52,106.64,266.66,266.664,266.659,1.8,0.76,26.9,28.2,377.35,382.66,378.43,135.77,135.01,133.29,0.85,11.7,0.108356,0.0011,0.7331,0.7727,3,1,-101,-100.9065,164,163.5278,71,922.91,1
78,2026/5/20,14:44:07,200,4000,191.4,80179,663.46,129.33,85805,389.85,150.66,84142,98.06,95.29,93.44,101.98,104.94,107.02,266.66,266.676,266.683,1.8,0.76,26.9,28.2,387.23,393.74,388.58,152.03,150.54,149.41,0.83,11.7,0.108291,0.0011,0.7536,0.7906,3,1,-118,-118.2917,180,179.6889,74,923.45,1
79,2026/5/20,14:44:18,220,4000,209.9,87930,664.16,142.16,94418,400.79,165.88,92643,98.12,94.92,93.13,101.92,105.35,107.37,266.682,266.677,266.702,1.8,0.76,27,28.2,397.62,404.55,400.2,167.33,165.99,164.33,0.8,11.74,0.108364,0.0011,0.774,0.8038,3,1,-133,-133.4902,196,195.8516,79,922.83,1
80,2026/5/20,14:44:30,240,4000,229.7,96207,662.98,156.56,103797,412.7,182.79,101872,98.15,94.44,92.69,101.89,105.89,107.89,266.668,266.651,266.673,1.8,0.76,27,28.1,409.15,417.18,411.77,184.71,182.73,180.94,0.78,11.7,0.108178,0.0011,0.7984,0.8271,3,1,-149,-148.7816,214,214.0057,84.4,924.34,1
81,2026/5/20,14:47:20,260,4000,250.6,104951,663.43,170.84,113336,420.77,200.54,111173,98.09,94.41,92.61,101.94,105.92,107.98,266.624,266.64,266.659,1.79,0.76,26.9,28.2,416.93,425.57,419.82,202.95,200.29,198.37,0.76,11.64,0.108238,0.0011,0.8134,0.8396,3,1,-170,-170.0544,230,229.5437,55,923.9,1
82,2026/5/20,14:47:30,280,4000,269.7,112973,663.74,185.12,122873,428.19,218.24,120464,98.04,93.78,91.94,102,106.63,108.76,266.662,266.662,266.666,1.79,0.76,26.8,28.2,424.2,434.04,426.31,220.98,217.57,216.18,0.74,11.64,0.108244,0.0011,0.8274,0.8549,3,1,-193,-192.1296,244,243.4026,60,923.77,1
83,2026/5/20,14:47:41,300,4000,288.2,120714,662.31,199.77,132306,431.29,236.25,129619,97.97,93.14,91.25,102.07,107.37,109.59,266.692,266.673,266.704,1.79,0.76,26.7,28.2,426.18,437.36,430.31,239.19,235.94,233.63,0.73,11.65,0.108045,0.0011,0.8352,0.8619,3,1,-223,-223.5837,252,252.7537,70.6,925.54,1
103,2026/5/22,14:50:21,0,4500,-3.1,-1451,663.71,-1.01,-671,318.41,0,-1005,149.68,144.49,216.32,66.83,69.23,46.28,0,0,0,1.95,0.76,26.5,26.6,317.26,319.31,318.66,0,0,0,0,12.51,0.096471,0.001,0.6153,0.596,3,1,0,0.3667,0,0.1619,65,1036.58,1
104,2026/5/22,14:50:33,20,4500,16,7537,663.72,12.75,8464,323.7,14.55,8048,95.08,93.64,89.03,105.18,106.79,112.32,0,0,0,1.95,0.76,26.5,26.7,322.26,325.22,323.63,14.78,14.75,14.12,0.99,12.52,0.096424,0.001,0.6255,0.6617,3,1,-2,-1.9908,23,23.2179,63,1037.11,1
105,2026/5/22,14:50:44,40,4500,35.4,16662,663.72,26.87,17834,333.38,30.61,17327,97.16,96.17,93.44,102.93,103.98,107.02,299.982,299.978,299.812,1.95,0.76,26.5,26.6,331.71,335.3,333.14,30.93,30.78,30.11,0.98,12.48,0.096409,0.001,0.6442,0.6842,3,1,-10,-9.9361,45,44.8575,60.7,1037.25,1
106,2026/5/22,14:50:57,60,4500,54.7,25779,663.72,41.12,27290,347.9,46.02,26653,97.67,96.7,94.45,102.39,103.41,105.88,300.063,299.981,300.159,1.95,0.76,26.6,26.7,346.54,350.67,346.5,46.63,46.31,45.13,0.96,12.53,0.096392,0.001,0.6723,0.7108,3,1,-19,-18.5068,65,65.2821,58,1037.44,1
107,2026/5/22,14:51:09,80,4500,74,34874,663.72,55.37,36747,362.24,60.9,36007,97.98,96.83,94.88,102.06,103.28,105.4,300.023,299.983,299.943,1.95,0.76,26.5,26.7,360.37,365.26,361.1,61.71,60.97,60,0.94,12.53,0.09637,0.001,0.7001,0.7406,3,1,-30,-29.5511,83,83.0437,57,1037.63,1
108,2026/5/22,14:51:19,100,4500,94.2,44379,663.72,70.43,46746,378.26,76.15,45854,98.09,96.79,94.94,101.95,103.32,105.33,300.007,300.048,299.976,1.95,0.76,26.6,26.8,377.07,380.39,377.32,76.8,76.46,75.19,0.92,12.49,0.096341,0.001,0.7309,0.7717,3,1,-42,-41.3921,101,101.097,56.1,1037.96,1
109,2026/5/22,14:51:29,120,4500,112.9,53203,663.72,84.38,56005,394.09,90.19,55032,98.26,96.69,95.01,101.77,103.43,105.26,299.981,299.988,300.029,1.94,0.76,26.6,26.8,392.26,396.45,393.55,90.89,90.4,89.3,0.89,12.49,0.09632,0.001,0.7615,0.7962,3,1,-53,-52.7529,118,118.0783,57,1038.21,1
110,2026/5/22,14:51:40,140,4500,132.4,62411,663.71,99.09,65767,405.65,104.91,64687,98.36,96.48,94.89,101.67,103.65,105.38,299.968,300.024,299.962,1.94,0.75,26.6,26.9,403.3,408.57,405.1,105.76,105.17,103.8,0.88,12.47,0.096306,0.001,0.7839,0.8147,3,1,-68,-67.4472,134,133.8989,58,1038.32,1
111,2026/5/22,14:51:50,160,4500,152.2,71707,663.71,114.05,75694,415.39,119.94,74485,98.4,96.27,94.73,101.62,103.88,105.57,299.979,299.99,300.085,1.94,0.76,26.6,26.9,413.05,418.96,414.16,120.94,120.32,118.55,0.86,12.49,0.096283,0.001,0.8027,0.8317,3,1,-85,-84.6953,149,149.3079,60,1038.61,1
112,2026/5/22,14:52:01,180,4500,171.3,80739,663.71,128.75,85451,425.89,134.87,84106,98.42,95.99,94.48,101.6,104.17,105.84,300.001,299.967,300.005,1.94,0.76,26.7,26.9,423.44,430.03,424.18,136.32,135.11,133.17,0.85,12.47,0.096252,0.001,0.823,0.8523,3,1,-101,-100.5953,164,164.0946,62,1038.9,1
113,2026/5/22,14:52:12,200,4500,191.5,90219,663.72,144.35,95807,437.56,150.91,94300,98.43,95.68,94.17,101.6,104.52,106.19,300.016,300.027,300.031,1.94,0.76,26.7,26.9,435.03,442.19,435.48,152.57,151,149.16,0.82,12.47,0.096245,0.001,0.8455,0.8724,3,1,-118,-118.2002,180,180.6498,66,1039.05,1
114,2026/5/22,14:52:23,220,4500,210.2,99044,663.72,159.09,105588,449.66,166.32,103902,98.4,95.32,93.8,101.62,104.91,106.61,299.997,300.018,300.007,1.94,0.76,26.7,26.9,446.85,454.53,447.58,168.38,166.28,164.3,0.8,12.47,0.096233,0.001,0.8689,0.895,3,1,-133,-132.9163,196,196.3605,71.7,1039.22,1
115,2026/5/22,14:52:35,240,4500,230.6,108665,663.72,175.45,116449,452.88,183.9,114551,98.37,94.87,93.32,101.66,105.41,107.16,299.999,299.999,299.98,1.94,0.76,26.8,26.9,449.97,457.36,451.32,186.2,183.98,181.51,0.79,12.47,0.075217,0.0008,0.8751,0.9,3,1,-161.114,-161.3263,206.2632,206.307,79,1329.46,1
116,2026/5/22,14:54:23,260,4500,250.4,117992,663.72,191,126772,452.65,202.19,124616,98.3,94.68,93.07,101.73,105.62,107.44,299.988,299.981,300,1.9,0.75,26.9,26.9,449.02,458.33,450.6,204.59,201.94,200.03,0.79,12.28,0.075014,0.0008,0.8747,0.9024,3,1,-193.3421,-193.4635,213.3509,212.9728,65,1333.04,1
117,2026/5/22,14:54:33,280,4500,269.7,127114,663.73,207.47,137702,452.75,222.63,135228,98.2,94,92.31,101.83,106.39,108.33,300.007,299.994,300.015,1.9,0.75,26.9,26.9,448.69,458.4,451.18,225.19,222.63,220.08,0.77,12.28,0.074921,0.0007,0.8749,0.9028,3,1,-230.1667,-230.3,218.0088,218.4803,70.3,1334.77,1
118,2026/5/22,14:54:43,300,4500,286.8,135146,663.73,222.66,147781,452.82,243.62,144973,98.1,93.22,91.45,101.94,107.27,109.35,300.007,300.001,299.998,1.89,0.75,26.8,27,448.81,458.65,450.98,246.82,243.46,240.58,0.76,12.26,0.075167,0.0008,0.875,0.9032,3,1,-267.4649,-267.2644,220.5088,220.7935,80.3,1330.4,1
84,2026/5/20,14:48:13,0,5000,-3,-1552,663,-1.07,-706,354.55,0.59,-1051,148.82,147.67,219.94,67.23,67.9,45.68,0,0,0,1.79,0.76,26.7,28.1,353.07,355.74,354.85,0,0.84,0.94,0,11.6,0.086694,0.0009,0.6859,0.6689,3,1,0,1.6146,0,0.2635,89,1153.43,1
85,2026/5/20,14:48:25,20,5000,16.5,8655,662.99,14.62,9694,360.23,15.01,9251,95.44,93.55,89.28,104.78,106.89,112.01,0,0,0,1.79,0.76,26.7,28.1,358.97,362.82,358.9,15.43,15.37,14.24,0.99,11.61,0.086664,0.0009,0.6969,0.7314,3,1,-2,-1.6554,23,23.0447,84.6,1153.87,1
86,2026/5/20,14:48:35,40,5000,36.6,19147,664,30.8,20451,371.44,31.57,19914,97.38,96.12,93.6,102.69,104.03,106.83,333.456,333.301,333.406,1.79,0.76,26.6,28.1,369.55,373.88,370.89,31.99,31.71,31,0.98,11.63,0.086758,0.0009,0.7175,0.7592,3,1,-10,-9.9251,45,44.6619,81,1152.69,1
87,2026/5/20,14:48:44,60,5000,55.8,29189,664.03,46.43,30833,387.37,46.85,30203,97.96,96.65,94.67,102.09,103.47,105.63,333.31,333.407,333.26,1.79,0.76,26.5,28.1,385.27,389.61,387.22,47.36,46.92,46.29,0.96,11.61,0.086738,0.0009,0.7482,0.7862,3,1,-19,-19.1342,65,65.0586,77,1152.9,1
88,2026/5/20,14:48:56,80,5000,74.4,38992,662.93,61.8,40968,402.75,61.28,40261,98.28,96.86,95.2,101.75,103.24,105.05,333.352,333.272,333.27,1.79,0.76,26.5,28.2,400.36,405.58,402.3,61.89,61.29,60.66,0.94,11.63,0.086594,0.0009,0.7792,0.8131,3,1,-30,-30.12,83,82.8153,74,1154.83,1
89,2026/5/20,14:49:07,100,5000,94.3,49367,662.7,78.13,51777,420,76.25,50988,98.47,96.82,95.34,101.55,103.29,104.89,333.397,333.354,333.362,1.79,0.76,26.4,28.1,418.07,422.63,419.29,76.98,76.45,75.33,0.92,11.6,0.086556,0.0009,0.8128,0.8435,3,1,-42,-42.0402,101,100.7702,71.2,1155.36,1
90,2026/5/20,14:49:19,120,5000,113.3,59317,664,93.72,62228,437.41,90.48,61326,98.55,96.72,95.32,101.47,103.39,104.91,333.276,333.4,333.324,1.79,0.76,26.4,28.2,435.45,440.42,436.37,91.27,90.8,89.37,0.89,11.61,0.086667,0.0009,0.8449,0.8746,3,1,-53,-52.8969,118,117.9148,70,1153.84,1
91,2026/5/20,14:49:30,140,5000,133,69631,661.7,110.56,73155,450.35,105.31,72130,98.6,96.54,95.19,101.42,103.58,105.05,333.328,333.34,333.297,1.79,0.76,26.4,28.1,448.25,454.13,448.67,106.39,105.55,104,0.88,11.61,0.086369,0.0009,0.8728,0.8991,3,1,-68,-67.2033,134,133.9917,70,1157.96,1
92,2026/5/20,14:49:42,160,5000,152.7,79945,663.33,126.84,84137,452,120.53,82968,98.61,96.34,95.01,101.41,103.79,105.26,333.285,333.328,333.348,1.79,0.76,26.3,28.2,449.72,455.92,450.37,121.73,120.74,119.12,0.88,11.63,0.068291,0.0007,0.874,0.9028,3,1,-91.7193,-91.804,145.2807,145.1528,71,1464.3,1
93,2026/5/20,14:49:52,180,5000,172.1,90123,664.02,143.25,95118,452.14,136.52,93777,98.59,96.11,94.75,101.43,104.05,105.54,333.344,333.366,333.39,1.79,0.76,26.3,28.1,449.96,456.15,450.32,137.88,136.77,134.9,0.88,11.63,0.06809,0.0007,0.8733,0.9,3,1,-117.4956,-117.4966,155,154.8853,72.4,1468.58,1
94,2026/5/20,14:50:02,200,5000,191.8,100409,662.7,160.59,106422,450.76,154.18,104887,98.56,95.73,94.35,101.46,104.46,105.99,333.329,333.286,333.308,1.79,0.76,26.2,28.1,448.19,455.29,448.8,155.65,154.5,152.41,0.87,11.63,0.067586,0.0007,0.8724,0.9022,3,1,-147.2018,-147.1642,162.9211,163.2488,75.1,1479.6,1
95,2026/5/20,14:50:12,220,5000,210.7,110331,663.8,177.08,117542,451.35,172.52,115774,98.5,95.3,93.86,101.53,104.94,106.54,333.306,333.329,333.323,1.8,0.76,26.2,28.2,448.55,455.58,449.91,174.19,172.99,170.38,0.86,11.61,0.067554,0.0007,0.8721,0.9047,3,1,-176.9649,-177.3068,170.307,170.7381,80,1480.39,1
99,2026/5/20,14:54:01,240,5000,231.4,121181,661.07,196.24,129728,449.29,195.17,127670,98.41,94.92,93.41,101.61,105.35,107.05,333.342,333.329,333.334,1.8,0.76,25.4,28.4,446.09,455.1,446.67,197.22,195.34,192.95,0.84,11.7,0.06691,0.0007,0.8717,0.9033,3,1,-215.292,-215.1223,175.6195,175.5384,72,1494.74,1
100,2026/5/20,14:54:11,260,5000,250,130897,662.23,213.51,141393,450.36,218.7,138983,98.29,94.18,92.57,101.74,106.18,108.02,333.337,333.344,333.33,1.8,0.76,25.4,28.4,446.79,456.29,447.99,220.93,219.04,216.14,0.81,11.69,0.067129,0.0007,0.8722,0.9055,3,1,-254.1509,-253.7558,180.0943,180.1841,75.6,1489.64,1
101,2026/5/20,14:55:45,280,5000,264.7,138555,663.5,227.71,151082,451.38,242.58,148284,98.15,93.44,91.71,101.89,107.02,109.03,333.326,333.314,333.338,1.8,0.76,25.9,28.3,448.2,458.01,447.91,245.17,243.03,239.54,0.78,11.7,0.067485,0.0007,0.8725,0.9004,3,1,-293.2632,-293.4828,181.8772,181.4314,80,1481.66,1
35,2026/5/22,11:13:03,290,5000,270.1,141422,663.75,231.59,153717,451.68,245.46,150873,98.16,93.74,92.01,101.88,106.68,108.68,333.321,333.329,333.328,1.94,0.76,25.9,25.5,448.32,459.08,447.65,247.82,245.91,242.65,0.79,12.42,0.068063,0.0007,0.8727,0.9037,3,1,-297,-297.157,184.307,184.3217,61.2,1469.29,1
119,2026/5/22,14:59:12,0,5500,-2.2,-1247,663.71,-0.4,-264,389.86,0,-622,239.31,202.34,487.53,42.13,49.75,21.1,0,0,0,1.93,0.75,25.5,27,388.5,391.54,389.53,0,0,0,0,12.37,0.078872,0.0008,0.7534,0.7433,3,1,0,0.2802,0,0.0303,48,1267.87,1
120,2026/5/22,14:59:24,20,5500,17,9760,663.71,16.45,10919,396.52,15.45,10478,95.96,93.14,89.38,104.21,107.37,111.89,0,0,0,1.93,0.75,25.5,27,394.77,399.17,395.61,15.83,15.58,14.95,0.99,12.4,0.078838,0.0008,0.7663,0.7958,3,1,-2,-1.977,23,23.0918,47,1268.42,1
121,2026/5/22,14:59:35,40,5500,36.7,21146,663.71,33.95,22535,408.29,31.76,22025,97.74,96.03,93.86,102.32,104.13,106.55,366.673,366.63,366.666,1.94,0.75,25.4,27,406.33,411.84,406.69,32.32,31.92,31.05,0.98,12.41,0.078824,0.0008,0.789,0.8206,3,1,-10,-10.015,45,44.892,46,1268.69,1
122,2026/5/22,14:59:47,60,5500,56,32239,663.71,51.14,33943,425.99,47.06,33355,98.27,96.64,94.97,101.76,103.47,105.3,366.495,366.666,366.729,1.95,0.76,25.3,27,424.27,428.63,425.06,47.7,47.38,46.11,0.96,12.43,0.078801,0.0008,0.8233,0.8529,3,1,-19,-18.7261,65,64.7444,46,1269,1
123,2026/5/22,14:59:58,80,5500,74.9,43140,663.71,68.15,45229,443.08,61.64,44548,98.49,96.86,95.4,101.53,103.25,104.82,366.679,366.604,366.678,1.94,0.75,25.3,27,441.4,446.42,441.43,62.37,61.89,60.66,0.94,12.46,0.078775,0.0008,0.8562,0.8859,3,1,-30,-30.1344,83,83.1588,46,1269.46,1
124,2026/5/22,15:00:09,100,5500,95.1,54756,663.71,86.26,57252,452.11,76.95,56478,98.65,96.95,95.64,101.37,103.15,104.56,366.631,366.719,366.625,1.95,0.75,25.2,27,449.83,456.09,450.4,77.74,77.18,75.94,0.94,12.47,0.062909,0.0006,0.8737,0.9016,3,1,-48,-47.8419,98.8333,98.7056,47,1589.55,1
125,2026/5/22,15:00:19,120,5500,115,66215,663.71,104.36,69263,451.51,92.84,68351,98.68,96.88,95.6,101.33,103.22,104.6,366.65,366.683,366.667,1.95,0.76,25.2,27,449.63,454.69,450.2,93.65,93.31,91.55,0.94,12.47,0.062363,0.0006,0.8725,0.9027,3,1,-72.307,-72.2191,111,110.9723,48,1603.62,1
126,2026/5/22,15:00:31,140,5500,134,77146,663.7,121.8,80836,451.01,108.8,79772,98.68,96.71,95.43,101.34,103.4,104.78,366.658,366.658,366.627,1.96,0.76,25.2,27,448.34,455.38,449.33,109.72,109.15,107.54,0.94,12.52,0.062134,0.0006,0.8715,0.9008,3,1,-96.4912,-96.8633,121.5088,121.2382,50,1609.4,1
127,2026/5/22,15:00:43,160,5500,153.6,88442,663.7,140.04,92948,450.51,126.33,91716,98.67,96.43,95.15,101.34,103.7,105.1,366.687,366.708,366.687,1.96,0.76,25.2,27,448.52,454.54,448.49,127.39,126.85,124.76,0.93,12.51,0.061674,0.0006,0.8706,0.9006,3,1,-123.4561,-124.1426,131,130.5351,53,1621.35,1
128,2026/5/22,15:00:52,180,5500,172.4,99295,663.71,157.82,104744,450.33,144.34,103307,98.63,96.12,94.8,101.39,104.04,105.49,366.663,366.672,366.648,1.96,0.76,25.2,27,448.5,454.85,447.65,145.76,144.75,142.53,0.92,12.54,0.061579,0.0006,0.8702,0.903,3,1,-151.3684,-151.4568,139.2368,139.0698,57,1623.97,1
129,2026/5/22,15:01:03,200,5500,192.2,110676,663.71,176.87,117388,450.25,165.21,115714,98.57,95.65,94.28,101.45,104.55,106.06,366.707,366.708,366.702,1.96,0.76,25.3,27,448.28,456,446.47,166.91,165.47,163.24,0.9,12.57,0.061179,0.0006,0.8701,0.9026,3,1,-184.0088,-184.1856,146.4474,146.5516,62,1634.61,1
130,2026/5/22,15:01:15,220,5500,211.8,122012,663.72,196.5,130419,450.31,189.18,128422,98.47,95.01,93.55,101.55,105.26,106.89,366.67,366.646,366.656,1.97,0.76,25.3,27,448.45,456.21,446.26,191.15,189.55,186.85,0.87,12.58,0.060886,0.0006,0.8702,0.9008,3,1,-222.1754,-221.7967,152.2368,152.0282,69.1,1642.46,1
131,2026/5/22,15:01:26,240,5500,230.3,132640,663.72,216.03,143379,450.59,217.46,140946,98.3,94.11,92.51,101.72,106.26,108.09,366.654,366.65,366.679,1.97,0.76,25.4,27,448.92,457.23,445.61,219.68,218.2,214.51,0.83,12.57,0.060996,0.0006,0.8707,0.9026,3,1,-267.5965,-267.4507,155.6842,155.8486,78.3,1639.39,1
132,2026/5/22,15:03:52,260,5500,242.8,139847,663.71,229.9,152585,450.63,245.66,149703,98.11,93.41,91.65,101.93,107.05,109.11,366.65,366.653,366.646,1.97,0.76,26.2,27.3,449.67,457.61,444.59,248.3,246.6,242.07,0.78,12.61,0.061232,0.0006,0.8708,0.9029,3,1,-313,-312.7704,155.6053,155.1677,67,1633.1,1
133,2026/5/22,15:04:02,270,5500,242.2,139477,663.71,229.98,152638,450.48,245.66,149756,98.11,93.14,91.38,101.92,107.36,109.43,366.64,366.659,366.676,1.97,0.76,26.3,27.3,449.92,457.17,444.34,248.18,246.57,242.23,0.78,12.63,0.061096,0.0006,0.8705,0.9016,3,1,-313.2174,-313.437,155.0174,155.2642,75.7,1636.93,1
2,2026/5/22,10:58:19,0,6000,-1.7,-1050,663.73,0.01,9,443.36,0.2,-319,1301.28,332.83,3994.9,-4.55,30.37,-1.01,0,0,0,1.97,0.76,25.7,24.5,441.72,445.47,442.88,0,0.61,0,0,12.61,0.072291,0.0007,0.8567,0.8533,3,1,0,0.1847,0,0.013,30,1383.29,1
3,2026/5/22,10:58:31,20,6000,17.9,11265,663.73,18.83,12500,448.69,15.92,12080,96.65,93.23,90.11,103.47,107.26,110.98,0,0,0,1.97,0.76,25.7,24.5,447.19,451.47,447.43,16.2,16.38,15.18,0.98,12.59,0.072267,0.0007,0.867,0.8926,3,1,-2,-2.1633,23,23.1326,30,1383.73,1
4,2026/5/22,10:59:04,40,6000,38.5,24159,663.74,38.58,25608,452.42,32.46,25128,98.14,96.14,94.35,101.9,104.01,105.99,399.974,400.127,400.027,1.97,0.76,25.7,24.6,449.99,455.46,451.82,32.9,32.77,31.71,0.99,12.62,0.057435,0.0006,0.8742,0.9022,3,1,-13.3684,-13.1584,44.6316,44.3344,30,1741.11,1
5,2026/5/22,10:59:17,60,6000,58,36415,663.74,57.52,38182,452,48.41,37618,98.52,96.81,95.38,101.5,103.29,104.84,399.931,400.12,400.049,1.98,0.76,25.8,24.6,449.59,455.64,450.76,49,48.75,47.48,0.99,12.62,0.057,0.0006,0.8734,0.9011,3,1,-31.0088,-30.9112,61.9912,61.7919,30.6,1754.29,1
6,2026/5/22,10:59:29,80,6000,77.4,48670,663.73,76.54,50805,451.33,64.62,50145,98.71,97.06,95.8,101.31,103.03,104.38,400,400.101,400.138,1.97,0.76,25.8,24.6,448.76,454.62,450.62,65.25,64.95,63.65,0.99,12.63,0.056705,0.0006,0.8722,0.9006,3,1,-51.2018,-50.9325,76.7982,77.204,31.1,1763.54,1
7,2026/5/22,10:59:42,100,6000,96.9,60859,663.75,95.69,63515,450.96,81.08,62704,98.72,97.07,95.83,101.3,103.02,104.36,399.947,400,400.038,1.98,0.76,25.9,24.6,448.66,454.43,449.8,81.81,81.55,79.89,0.99,12.61,0.056788,0.0006,0.8713,0.9009,3,1,-72.8597,-72.8884,90,90.21,33,1760.96,1
8,2026/5/22,10:59:54,120,6000,116.5,73220,663.73,115.19,76451,450.32,98.3,75501,98.76,96.98,95.78,101.26,103.11,104.41,399.942,399.971,399.979,1.98,0.76,25.9,24.7,448,454.75,448.21,99.23,98.78,96.9,0.98,12.61,0.05654,0.0006,0.8702,0.9028,3,1,-96.4912,-96.4423,101.7807,101.8407,35,1768.62,1
9,2026/5/22,11:00:06,140,6000,136,85425,663.73,134.69,89397,449.85,116.09,88276,98.74,96.77,95.56,101.27,103.34,104.65,400.017,399.995,400.02,1.97,0.76,26,24.6,447.68,454.29,447.58,117.01,116.72,114.55,0.98,12.63,0.056408,0.0006,0.8692,0.9023,3,1,-122.0088,-121.8654,112.0175,112.0293,38,1772.81,1
10,2026/5/22,11:00:19,160,6000,155,97392,663.72,154.07,102258,449.48,134.7,100954,98.72,96.47,95.23,101.29,103.66,105,399.976,399.974,399.964,1.98,0.76,26.1,24.6,447.38,454.45,446.61,135.84,135.31,132.93,0.96,12.62,0.056509,0.0006,0.8686,0.9004,3,1,-149.3509,-149.5135,120.9035,121.0567,42.1,1769.73,1
11,2026/5/22,11:03:03,180,6000,174.4,109610,663.73,174.16,115593,449.31,155.39,114035,98.65,96.12,94.83,101.37,104.03,105.45,400.033,399.959,399.97,1.98,0.76,26.6,24.8,447.8,454.7,445.43,156.75,156.19,153.22,0.94,12.63,0.056479,0.0006,0.8682,0.9033,3,1,-180.0614,-180.101,128.9035,129.3767,41,1770.69,1
12,2026/5/22,11:03:15,200,6000,193.7,121722,663.73,194.74,129256,449.46,179.04,127427,98.59,95.52,94.17,101.44,104.69,106.19,399.974,400.015,400.007,1.98,0.76,26.7,24.8,448,455.74,444.64,180.81,179.78,176.54,0.91,12.65,0.056324,0.0006,0.8685,0.9023,3,1,-216.5351,-216.5193,135.2368,136.353,47.3,1775.43,1
13,2026/5/22,11:03:28,220,6000,213.2,133922,663.72,216.73,143848,449.77,209.37,141559,98.41,94.59,93.09,101.61,105.71,107.42,400.009,399.972,400.017,1.98,0.76,26.8,24.8,449.05,456.28,443.99,211.23,210.48,206.4,0.87,12.66,0.056506,0.0006,0.8692,0.9004,3,1,-263.313,-263.8233,140.2174,140.2574,57.3,1770.05,1
14,2026/5/22,11:03:40,230,6000,221.7,139276,663.74,227.6,151068,449.8,229.45,148459,98.27,93.82,92.2,101.76,106.59,108.47,400.007,400.007,399.977,1.98,0.77,26.9,24.9,449.97,457.16,442.26,231.65,230.52,226.19,0.83,12.65,0.056761,0.0006,0.8691,0.902,3,1,-295.2105,-295.5568,140.5526,140.9367,70.5,1762.11,1
36,2026/5/22,11:13:33,240,6000,222.7,139921,663.75,229.97,152640,449.8,242.87,149825,98.16,93.39,91.67,101.88,107.08,109.09,399.974,400.01,400.019,1.95,0.76,25.7,25.6,450.64,457.18,441.58,245.29,244.48,238.85,0.79,12.47,0.056453,0.0006,0.8692,0.905,3,1,-316.4649,-315.8193,138.7105,138.6093,74,1771.34,1
134,2026/5/22,15:06:12,0,6500,-1.6,-1098,663.71,0.09,62,458.83,0,-268,19195.94,429.51,65721.66,-28.71,24.31,-5.73,0,0,0,1.96,0.76,26.9,27.3,457.39,460.91,458.19,0,0,0,0,12.55,0.066688,0.0007,0.8866,0.8799,3,1,0,0.0268,0,0.4478,64,1499.5,1
135,2026/5/22,15:06:23,20,6500,17.8,12142,663.71,20.28,13463,453.5,17.01,13022,96.73,93.26,90.2,103.38,107.23,110.86,0,0,0,1.96,0.76,26.9,27.2,452.09,456.18,452.23,17.16,17.46,16.42,0.97,12.51,0.055012,0.0006,0.8763,0.901,3,1,-8.6754,-8.6703,23,23.5112,62,1817.77,1
136,2026/5/22,15:06:34,40,6500,37.5,25547,663.7,40.91,27151,452.23,34.36,26635,98.09,95.91,94.08,101.94,104.26,106.29,433.277,433.312,433.381,1.96,0.76,26.9,27.2,450.08,455.97,450.64,34.78,34.78,33.53,0.99,12.53,0.054393,0.0005,0.8739,0.901,3,1,-23.9737,-24.2433,43,43.1981,60,1838.39,1
137,2026/5/22,15:06:44,60,6500,56.3,38304,663.71,60.66,40263,451.54,50.96,39662,98.51,96.58,95.14,101.52,103.54,105.11,433.4,433.253,433.406,1.96,0.76,26.9,27.1,449.24,455.53,449.87,51.46,51.44,49.99,1,12.52,0.054055,0.0005,0.8725,0.9028,3,1,-42.6842,-42.6521,59,59.0961,59,1849.94,1
138,2026/5/22,15:06:55,80,6500,75.4,51287,663.71,80.92,53706,450.94,68.06,53003,98.69,96.76,95.49,101.33,103.35,104.72,433.349,433.413,433.216,1.95,0.76,26.9,27.2,449.05,454.82,448.93,68.6,68.69,66.88,1,12.51,0.053688,0.0005,0.8714,0.9061,3,1,-63.9123,-63.6882,73,72.4909,58,1862.68,1
139,2026/5/22,15:07:05,100,6500,95.9,65262,663.71,102.88,68284,450.35,86.88,67423,98.74,96.79,95.57,101.28,103.32,104.64,433.375,433.371,433.303,1.95,0.76,26.9,27.1,448.75,454.81,447.49,87.6,87.59,85.44,0.99,12.48,0.052895,0.0005,0.8703,0.903,3,1,-89.0614,-88.8781,85.9386,85.8619,58,1890.51,1
140,2026/5/22,15:07:16,120,6500,114,77599,663.71,122.56,81341,449.76,104.29,80315,98.74,96.62,95.4,101.28,103.5,104.82,433.273,433.286,433.366,1.95,0.76,26.9,27.2,448.18,454.66,446.43,105.1,105.1,102.67,0.99,12.49,0.052643,0.0005,0.8691,0.8985,3,1,-113.2982,-114.5618,96,95.7218,58.9,1899.53,1
141,2026/5/22,15:07:26,140,6500,134.2,91379,663.71,144.72,96054,449.27,124.94,94833,98.73,96.36,95.13,101.29,103.78,105.12,433.313,433.371,433.308,1.95,0.76,27,27.2,448.06,454.66,445.1,125.96,125.94,122.92,0.98,12.52,0.052043,0.0005,0.8682,0.8999,3,1,-143.0175,-143.4389,105.7368,106.1495,60.3,1921.5,1
142,2026/5/22,15:07:37,160,6500,152.3,103679,663.7,164.96,109481,449.1,145.29,108036,98.68,95.97,94.7,101.34,104.2,105.59,433.33,433.381,433.343,1.94,0.76,27,27.2,448.35,455.57,443.39,146.73,146.36,142.76,0.96,12.47,0.051991,0.0005,0.8678,0.9012,3,1,-173.0702,-173.0856,113.2719,114.2451,63.6,1923.39,1
143,2026/5/22,15:07:48,180,6500,172.3,117271,663.71,188.1,124843,449.44,171.65,123061,98.57,95.29,93.93,101.45,104.94,106.46,433.32,433.326,433.324,1.94,0.76,27,27.2,449.58,455.76,442.99,173.2,172.92,168.83,0.92,12.47,0.051507,0.0005,0.8685,0.9064,3,1,-212.7105,-212.1979,120,120.8582,68.5,1941.33,1
144,2026/5/22,15:07:58,200,6500,191.9,130636,663.71,212.56,141080,449.8,208.55,138778,98.37,94.13,92.59,101.66,106.24,108,433.355,433.335,433.367,1.94,0.76,27.1,27.2,451.25,457,441.15,210.6,209.94,205.1,0.85,12.44,0.051465,0.0005,0.8692,0.9032,3,1,-269.7719,-269.3676,123.7719,124.3314,75,1943.04,1
145,2026/5/22,15:09:42,220,6500,198.7,135219,663.72,223.81,148548,450.49,245.13,145672,98.06,92.83,91.03,101.98,107.73,109.85,433.323,433.344,433.32,1.88,0.75,27.2,27.3,454.5,458.07,438.92,248,247.03,240.35,0.76,12.13,0.051227,0.0005,0.8705,0.8998,3,1,-327,-328.3953,121.0088,121.6884,68,1952.26,1
146,2026/5/22,15:09:52,230,6500,198.1,134824,663.72,223.8,148535,450.4,245.09,145657,98.06,92.56,90.77,101.98,108.03,110.17,433.313,433.347,433.313,1.87,0.75,27.1,27.2,454.49,457.86,438.85,247.88,247.08,240.29,0.76,12.12,0.051115,0.0005,0.8703,0.9027,3,1,-327,-326.938,120.614,121.6084,76.6,1956.4,1
15,2026/5/22,11:05:28,0,7000,-1.8,-1293,663.73,-0.06,-42,467.35,15.08,-439,-479.78,303.62,-2087.97,7.05,34.01,3.26,0,0,0,1.98,0.77,27.6,25.1,466.74,469.46,465.85,14.44,15.73,15.06,-0.04,12.66,0.050996,0.0005,0.9031,0.9014,3,1,-20.2696,-20.3233,0,0.4398,63,1960.9,1
16,2026/5/22,11:05:40,20,7000,18.3,13398,663.73,22.38,14852,458.42,25.58,14369,96.75,93.24,90.2,103.36,107.25,110.86,0,0,0,1.98,0.77,27.6,25.1,455.41,461.97,457.87,25.69,26.21,24.84,0.71,12.68,0.049983,0.0005,0.8859,0.9001,3,1,-29.2368,-29.2286,21,21.3554,60,2000.69,1
17,2026/5/22,11:05:51,40,7000,37.6,27549,663.73,44.1,29270,454.54,41.02,28728,98.15,95.9,94.13,101.88,104.28,106.24,466.675,466.638,466.395,1.98,0.77,27.6,25.1,451.56,458.12,453.95,41.29,41.58,40.2,0.89,12.65,0.04945,0.0005,0.8783,0.8997,3,1,-43.3565,-43.5624,39,39.1557,57,2022.12,1
18,2026/5/22,11:06:04,60,7000,57.2,41962,663.73,66.44,44095,452.5,58.05,43451,98.54,96.58,95.17,101.48,103.55,105.08,466.661,466.591,466.613,1.98,0.77,27.6,25.1,449.77,456.88,450.84,58.5,58.71,56.95,0.95,12.64,0.049214,0.0005,0.8744,0.8993,3,1,-61.6491,-61.2756,55,55.2082,55,2031.93,1
19,2026/5/22,11:06:16,80,7000,77,56436,663.73,89.07,59116,451.17,75.9,58358,98.72,96.69,95.45,101.3,103.42,104.77,466.72,466.637,466.671,1.98,0.77,27.6,25.1,449.49,455.25,448.77,76.3,76.84,74.56,0.98,12.64,0.049019,0.0005,0.8718,0.9021,3,1,-83.1228,-82.8104,69,69.0303,54,2040.06,1
20,2026/5/22,11:06:28,100,7000,96.4,70666,663.73,111.43,73960,450.15,94.11,73033,98.75,96.78,95.57,101.27,103.33,104.64,466.676,466.669,466.631,1.98,0.77,27.6,25.1,448.8,455.06,446.58,94.73,95.19,92.41,1,12.62,0.048689,0.0005,0.8698,0.9012,3,1,-106.9825,-107.3261,80.8684,80.7563,54,2053.88,1
21,2026/5/22,11:06:39,120,7000,115.1,84385,663.73,133.26,88449,449.22,112.78,87360,98.77,96.59,95.4,101.25,103.53,104.82,466.664,466.673,466.677,1.98,0.77,27.6,25.1,448.84,453.91,444.91,113.44,114.16,110.74,1,12.62,0.048594,0.0005,0.868,0.9016,3,1,-132.3519,-132.6306,91.0648,90.8793,55,2057.88,1
22,2026/5/22,11:06:51,140,7000,135,98994,663.73,156.94,104162,448.66,134.43,102855,98.74,96.25,95.04,101.27,103.9,105.22,466.623,466.644,466.645,1.97,0.77,27.6,25.1,448.56,454.59,442.83,135.33,136.09,131.88,0.98,12.6,0.048136,0.0005,0.867,0.9007,3,1,-162.9811,-163.6358,100.5094,100.6987,57.3,2077.38,1
23,2026/5/22,11:07:02,160,7000,153.7,112651,663.73,179.73,119292,448.87,157.55,117706,98.67,95.71,94.44,101.35,104.48,105.89,466.677,466.683,466.637,1.97,0.77,27.6,25.1,450.1,455.08,441.42,158.79,159.21,154.65,0.96,12.63,0.048187,0.0005,0.8674,0.9007,3,1,-196.6293,-197.0221,108,107.4215,61,2075.33,1
24,2026/5/22,11:07:15,180,7000,173.2,126991,663.73,204.55,135765,449.12,188.62,133763,98.52,94.94,93.54,101.5,105.33,106.91,466.657,466.616,466.616,1.97,0.77,27.7,25.1,450.95,456.38,440.05,190.27,190.41,185.17,0.91,12.59,0.048329,0.0005,0.8678,0.9015,3,1,-243.1404,-243.2782,113.9912,113.5282,68.7,2068.9,1
25,2026/5/22,11:07:27,190,7000,181.2,132833,663.73,215.89,143294,449.31,208.09,141000,98.4,94.2,92.7,101.63,106.15,107.88,466.661,466.663,466.721,1.97,0.77,27.7,25.1,452.08,457.56,438.27,210.3,209.68,204.28,0.87,12.59,0.048735,0.0005,0.8682,0.9013,3,1,-273.3596,-273.3361,115.0614,115.1747,77.6,2052.03,1
37,2026/5/22,11:15:09,200,7000,184.7,135389,663.75,222.19,147472,449.8,229.47,144842,98.22,93.47,91.81,101.82,106.98,108.93,466.687,466.698,466.69,1.97,0.76,25.7,25.7,454.5,457.81,437.11,231.95,231.6,224.86,0.81,12.53,0.048252,0.0005,0.8691,0.905,3,1,-306.3217,-305.9732,113.4087,113.4104,71,2072.1,1
147,2026/5/22,15:14:11,0,7500,-1.9,-1472,663.71,-0.09,-61,466.78,19.6,-481,1078.77,315.77,3411.22,9.31,32.89,4.21,0,0,0,1.89,0.75,25.4,27.5,465.97,469.59,464.77,18.91,20.13,19.74,-0.03,12.12,0.049189,0.0005,0.9021,0.9041,3,1,-27,-27.1375,0,-0.2839,47,2033.02,1
148,2026/5/22,15:14:22,20,7500,17.3,13629,663.7,22.91,15202,459.69,28.7,14700,96.69,92.75,89.68,103.43,107.83,111.52,223.742,0,101.406,1.9,0.75,25.4,27.5,457.32,463.76,457.99,28.6,29.49,28.02,0.64,12.21,0.04841,0.0005,0.8883,0.9027,3,1,-35.2348,-35.1807,20,19.8207,46,2065.66,1
149,2026/5/22,15:14:32,40,7500,37,29091,663.7,46.72,31006,454.75,44.73,30436,98.16,95.55,93.79,101.87,104.66,106.62,499.875,500.089,499.981,1.9,0.75,25.3,27.5,452.49,459.7,452.06,44.88,45.62,43.67,0.86,12.25,0.047597,0.0005,0.8788,0.8997,3,1,-50.886,-50.9112,38,38.6261,45,2100.88,1
150,2026/5/22,15:14:43,60,7500,56,43983,663.7,69.91,46396,452.36,61.81,45722,98.55,96.19,94.79,101.48,103.97,105.5,499.971,499.986,500.08,1.91,0.75,25.2,27.5,450.43,457.7,448.95,62.12,62.81,60.48,0.94,12.28,0.047261,0.0005,0.8742,0.9035,3,1,-69.9386,-69.7953,53,52.5768,45,2115.86,1
151,2026/5/22,15:14:54,80,7500,76,59678,663.71,94.41,62660,450.72,80.68,61840,98.69,96.49,95.23,101.33,103.64,105.01,500.007,499.933,499.987,1.92,0.75,25.1,27.3,449.76,456.87,445.55,81.07,81.99,78.97,0.98,12.35,0.046656,0.0005,0.871,0.903,3,1,-93.4825,-93.1107,66.5176,66.1468,46,2143.38,1
152,2026/5/22,15:15:05,100,7500,95.8,75210,663.7,118.9,78916,449.39,100.5,77920,98.74,96.53,95.31,101.28,103.59,104.92,500.024,500.003,500.002,1.93,0.75,25.1,27.4,449.09,455.35,443.72,101.03,101.85,98.6,1,12.4,0.045738,0.0005,0.8684,0.9013,3,1,-119.8596,-119.7639,78,78.0433,47.8,2186.68,1
153,2026/5/22,15:15:16,120,7500,115.1,90399,663.7,143.37,95156,448.46,121.68,93956,98.74,96.19,94.98,101.28,103.96,105.29,500.011,500.027,499.938,1.93,0.75,25.1,27.4,449.79,454.56,441.03,122.31,123.45,119.28,0.99,12.37,0.045106,0.0005,0.8667,0.9019,3,1,-149.114,-149.207,87.8509,87.5637,50,2216.95,1
154,2026/5/22,15:15:27,140,7500,134,105244,663.71,167.72,111316,448.56,144.93,109858,98.69,95.79,94.54,101.33,104.39,105.78,499.965,499.996,500.01,1.94,0.75,25.1,27.5,451.16,455.08,439.45,145.8,147,142,0.98,12.43,0.044724,0.0004,0.8668,0.9015,3,1,-182.4211,-182.2235,96,95.6153,54,2236.42,1
155,2026/5/22,15:15:37,160,7500,152.7,119921,663.72,192.93,128049,449.36,174.04,126216,98.57,95.01,93.64,101.45,105.26,106.79,499.997,499.99,499.931,1.94,0.76,25,27.5,452.75,456.72,438.6,175.39,176.24,170.48,0.93,12.45,0.044686,0.0004,0.8683,0.9027,3,1,-225.3448,-225.4552,102.2241,102.3884,59.6,2237.85,1
156,2026/5/22,15:15:48,180,7500,166.6,130856,663.7,214.49,142354,449.88,216.32,139911,98.28,93.53,91.92,101.75,106.92,108.79,499.987,500.004,499.977,1.95,0.76,25.1,27.4,455.74,459.18,434.7,218.91,218.42,211.64,0.83,12.5,0.044613,0.0004,0.8694,0.9035,3,1,-289.7913,-290.48,103.4,103.441,66.9,2241.63,1
157,2026/5/22,15:15:58,190,7500,166.8,131005,663.72,216.56,143730,450.51,228.3,141100,98.17,92.85,91.15,101.86,107.71,109.71,499.98,499.987,499.986,1.95,0.76,25.1,27.3,459.53,456.48,435.51,230.27,231.57,223.05,0.79,12.49,0.044334,0.0004,0.8706,0.9062,3,1,-308.3684,-307.7233,101.693,102.2477,77.2,2255.66,1
26,2026/5/22,11:09:28,0,8000,-2,-1692,663.74,-0.21,-138,466.08,32.41,-599,233.37,287.68,427.89,21.83,35.5,8.19,533.517,533.027,506.835,1.94,0.76,27.3,25.3,464.9,469.63,463.71,31.65,33.26,32.32,-0.02,12.39,0.044329,0.0004,0.9006,0.9025,3,1,-44.9252,-44.5383,0,-0.0679,62,2255.83,1
27,2026/5/22,11:09:40,20,8000,18.8,15784,663.74,26.44,17546,461.26,39.74,17034,97.09,92.69,89.99,103,107.89,111.13,533.563,533.464,532.819,1.94,0.76,27.2,25.4,459.16,465.73,458.88,39.43,40.81,38.99,0.54,12.39,0.043857,0.0004,0.8913,0.902,3,1,-52.0087,-52.5316,20,19.9202,60,2280.09,1
28,2026/5/22,11:09:52,40,8000,38.5,32267,663.73,51.88,34431,456.04,54.1,33831,98.26,95.38,93.72,101.78,104.84,106.71,533.336,533.288,533.379,1.93,0.76,27,25.4,453.77,461.22,453.14,54.06,55.25,52.99,0.79,12.4,0.043745,0.0004,0.8812,0.9037,3,1,-66.9298,-67.107,37,36.5797,57.8,2286.09,1
29,2026/5/22,11:10:05,60,8000,57,47762,663.74,75.84,50335,453.2,69.88,49618,98.58,96.23,94.86,101.45,103.91,105.41,533.346,533.437,533.299,1.93,0.76,26.9,25.5,452.24,459.16,448.2,69.88,71.37,68.38,0.9,12.39,0.043737,0.0004,0.8758,0.9028,3,1,-84.9391,-84.6649,51,50.9984,56,2286.3,1
30,2026/5/22,11:10:16,80,8000,75.6,63300,663.73,100.26,66548,450.89,87.37,65685,98.7,96.37,95.12,101.31,103.77,105.13,533.269,533.29,533.334,1.93,0.76,26.8,25.5,451.28,456.88,444.51,87.39,89.1,85.62,0.96,12.36,0.043557,0.0004,0.8712,0.9001,3,1,-106.6228,-106.8605,63.3684,63.8344,55.9,2295.8,1
31,2026/5/22,11:10:28,100,8000,95.7,80164,663.73,126.98,84283,449.03,107.94,83233,98.75,96.31,95.11,101.26,103.83,105.14,533.255,533.308,533.357,1.93,0.76,26.8,25.5,450.17,455.69,441.23,108.24,109.82,105.77,0.99,12.34,0.042862,0.0004,0.8677,0.9034,3,1,-133.7863,-133.4056,75,75.2597,56.1,2333.18,1
32,2026/5/22,11:10:40,120,8000,114.4,95806,663.74,152.19,101014,448.28,129.06,99747,98.75,96.05,94.85,101.27,104.11,105.44,533.31,533.325,533.38,1.93,0.76,26.7,25.5,452.11,454.9,437.82,129.38,131.58,126.22,1,12.37,0.042459,0.0004,0.8662,0.904,3,1,-163.0522,-162.6843,84.4087,84.1784,59,2355.04,1
33,2026/5/22,11:10:52,140,8000,134.3,112546,663.74,179.88,119393,448.78,155.66,117815,98.68,95.52,94.26,101.34,104.69,106.09,533.323,533.322,533.316,1.93,0.76,26.6,25.5,454.18,456.17,436,156.47,158.4,152.09,0.97,12.39,0.042012,0.0004,0.8672,0.901,3,1,-201.0789,-201.4672,92.8158,93.2974,62.6,2380.71,1
34,2026/5/22,11:11:05,160,8000,152.8,127980,663.74,207.42,137669,449.05,193.01,135574,98.48,94.4,92.96,101.55,105.94,107.57,533.301,533.328,533.29,1.93,0.76,26.6,25.4,454.93,459.41,432.8,195.18,195.69,188.17,0.9,12.36,0.042429,0.0004,0.8676,0.9019,3,1,-256.5702,-257.1361,97.9123,97.6135,69.6,2356.97,1
38,2026/5/22,11:16:20,180,8000,157.4,131872,663.74,216.66,143798,450.55,222.13,141269,98.24,93.35,91.7,101.79,107.13,109.05,533.322,533.311,533.353,1.96,0.76,25.8,25.8,461.8,457.2,432.66,224.1,225.64,216.66,0.81,12.55,0.042164,0.0004,0.8706,0.9036,3,1,-301.1379,-300.8243,96.4655,96.3509,69.1,2371.61,1
158,2026/5/22,15:19:50,0,8500,-2.1,-1884,663.72,-0.17,-113,465.69,35.71,-618,483.33,313.1,1410.38,16.26,32.66,5.76,566.748,566.879,566.55,1.97,0.76,26.1,27.4,464.83,469.9,462.34,34.85,36.52,35.76,-0.02,12.6,0.043003,0.0004,0.8999,0.9049,3,1,-49.5789,-49.5649,0,-0.0909,50,2325.58,1
159,2026/5/22,15:20:02,20,8500,17.8,15838,663.71,26.83,17808,461.67,42.43,17251,96.87,91.78,88.91,103.23,108.97,112.49,566.681,566.483,566.657,1.98,0.76,26.1,27.5,461.32,466.89,456.79,41.71,43.73,41.84,0.51,12.62,0.042741,0.0004,0.892,0.8993,3,1,-56.5351,-56.4933,19,19.0477,50,2339.53,1
160,2026/5/22,15:20:16,40,8500,37.8,33651,663.71,54.27,36020,455.85,57.24,35370,98.19,95.18,93.46,101.84,105.07,107,566.643,566.708,566.694,1.98,0.76,26.1,27.4,455.88,462.28,449.39,56.85,58.88,56,0.78,12.6,0.042312,0.0004,0.881,0.9018,3,1,-72.4696,-72.1353,36,35.9045,50,2363.22,1
161,2026/5/22,15:20:28,60,8500,56.5,50334,663.7,80.24,53254,453.05,73.86,52496,98.58,95.9,94.53,101.44,104.28,105.78,566.663,566.668,566.686,1.98,0.76,26.2,27.4,453.35,459.9,445.89,73.66,75.63,72.3,0.91,12.59,0.041991,0.0004,0.8754,0.8991,3,1,-91.9913,-91.3386,49.9391,50.0284,50,2381.5,1
162,2026/5/22,15:20:40,80,8500,75.3,67001,663.7,106.44,70646,450.47,92.39,69725,98.7,96.08,94.82,101.32,104.08,105.46,566.641,566.701,566.645,1.98,0.76,26.2,27.4,452.09,457.75,441.56,92.34,94.48,90.37,0.97,12.62,0.041493,0.0004,0.8705,0.9059,3,1,-115.6754,-115.7447,62,61.6079,51,2410.03,1
163,2026/5/22,15:20:50,100,8500,95.2,84765,663.71,134.67,89385,448.48,114.25,88264,98.75,96.04,94.84,101.27,104.12,105.44,566.636,566.667,566.642,1.98,0.77,26.3,27.5,452.56,454.74,438.16,114.13,116.74,111.87,0.99,12.6,0.040544,0.0004,0.8665,0.8997,3,1,-144.9823,-145.2272,73,72.9618,53,2466.51,1
164,2026/5/22,15:21:00,120,8500,114.4,101830,663.73,162.58,107906,448.75,138.27,106502,98.7,95.62,94.37,101.32,104.58,105.97,566.649,566.628,566.661,1.97,0.76,26.3,27.6,455.31,455.79,435.13,138.63,141.12,135.07,0.99,12.63,0.039728,0.0004,0.8671,0.8999,3,1,-178.6842,-179.143,82,82.3577,56,2516.92,1
165,2026/5/22,15:21:11,140,8500,134,119308,663.72,192.34,127658,448.65,171.75,125848,98.58,94.8,93.46,101.44,105.48,107,566.674,566.667,566.668,1.98,0.76,26.4,27.5,457.4,457.41,431.15,173.05,174.96,167.25,0.94,12.61,0.039246,0.0004,0.867,0.9067,3,1,-227.2544,-227.0888,88.886,89.2988,61,2548.19,1
166,2026/5/22,15:21:22,160,8500,143.6,127839,663.71,210.71,139843,450.99,213.88,137401,98.25,93.06,91.43,101.78,107.46,109.37,566.65,566.659,566.677,1.98,0.77,26.4,27.5,465.18,455.25,432.54,215.09,217.74,208.79,0.82,12.62,0.038896,0.0004,0.8714,0.8972,3,1,-291.0439,-290.0661,88.7193,88.201,69.1,2571.23,1
1,2026/5/22,14:06:58,0,9000,-2.2,-2100,663.72,0.04,29,465.32,49.35,-526,-101.55,457.68,-687.77,-19.97,25.25,-1.31,600.044,600.045,599.955,1.97,0.75,26.6,24.9,464.88,470.36,460.71,48.28,50.4,49.38,-0.01,12.64,0.038237,0.0004,0.8992,0.9004,3,1,-68.885,-68.6844,0,0.1947,27.4,2615.03,1
2,2026/5/22,14:07:11,20,9000,18.2,17130,663.72,29.31,19454,462.41,54.6,18863,96.96,90.84,88.08,103.13,110.09,113.54,600.066,599.956,600.006,1.97,0.75,26.7,24.9,463.48,469.05,454.71,53.33,56.34,54.14,0.43,12.62,0.038258,0.0004,0.8935,0.902,3,1,-74.6018,-74.7869,18,18.146,28.2,2613.86,1
3,2026/5/22,14:07:24,40,9000,38,35829,663.71,58.07,38540,457.48,67.11,37853,98.22,94.65,92.97,101.81,105.65,107.57,600.005,599.984,600.01,1.97,0.75,26.7,25,458.03,465.93,448.49,66.31,69.26,65.75,0.71,12.68,0.038489,0.0004,0.884,0.904,3,1,-88.463,-88.533,34,33.6759,30,2598.16,1
4,2026/5/22,14:07:37,60,9000,57.5,54252,663.88,86.73,57579,453.83,83.23,56774,98.6,95.58,94.24,101.42,104.63,106.11,600.038,600.01,599.991,1.97,0.75,26.7,25,455.81,461.76,443.9,82.66,85.53,81.51,0.87,12.66,0.038399,0.0004,0.8767,0.899,3,1,-107.646,-107.4088,48,48.6395,32,2604.12,1
5,2026/5/22,14:07:50,80,9000,76.5,72065,663.71,114.67,76105,450.44,101.37,75130,98.72,95.92,94.69,101.3,104.25,105.61,599.965,600.026,600.024,1.97,0.75,26.8,25.1,453.84,457.97,439.52,101,103.82,99.28,0.95,12.68,0.038149,0.0004,0.8704,0.9012,3,1,-130.8596,-130.8949,60,59.9868,35,2621.26,1
6,2026/5/22,14:08:03,100,9000,96.6,91086,663.72,145.06,96282,448.86,123.39,95084,98.76,95.8,94.6,101.26,104.39,105.7,599.944,600.05,600.018,1.97,0.75,26.8,25.3,455.24,455.95,435.38,123.08,126.38,120.72,0.99,12.65,0.037525,0.0004,0.8673,0.9013,3,1,-160.5965,-160.4365,71,71.0177,39.6,2665.05,1
7,2026/5/22,14:08:18,120,9000,114.8,108254,663.73,173.17,114933,448.55,147.11,113458,98.72,95.41,94.19,101.3,104.81,106.17,600.021,599.994,600.015,1.97,0.75,26.8,25.3,459.6,454.03,432.01,146.76,150.87,143.7,0.99,12.67,0.037359,0.0004,0.8668,0.9034,3,1,-193.4783,-192.912,79.5131,79.4804,45.9,2676.5,1
8,2026/5/22,14:08:31,140,9000,133.9,126185,663.73,204.28,135582,448.89,183.95,133618,98.55,94.45,93.09,101.47,105.87,107.43,599.999,599.993,600.032,1.97,0.75,26.9,25.4,460.02,460.95,425.69,185.81,187.75,178.28,0.93,12.65,0.037635,0.0004,0.8673,0.9008,3,1,-246.9211,-247.6395,86,86.2963,53.5,2657.57,1
9,2026/5/22,14:08:43,150,9000,138.3,130404,663.75,213.05,141403,450.34,204.01,139145,98.4,93.72,92.22,101.62,106.7,108.44,599.99,599.969,599.946,1.97,0.75,27,25.4,465.96,467.67,417.38,207.8,208.21,196.03,0.87,12.65,0.037924,0.0004,0.8702,0.8955,3,1,-276.9649,-280.4211,86.0439,85.6104,63.9,2636.74,1
167,2026/5/22,15:22:41,0,9500,-2.2,-2234,663.71,-0.05,-34,465.45,47.9,-585,12072.5,406.65,55390.42,0.42,26,1.27,633.379,633.391,633.323,1.96,0.77,27,27.5,466.57,470.38,459.39,46.63,48.86,48.2,-0.02,12.57,0.038718,0.0004,0.8994,0.9012,3,1,-66.6226,-66.8355,0,0.116,71,2582.85,1
168,2026/5/22,15:22:52,20,9500,17.7,17606,663.71,30.21,20054,462.17,53.68,19451,96.99,90.55,87.83,103.1,110.44,113.87,633.269,633.324,633.446,1.96,0.77,27,27.5,464.62,468.33,453.55,52.27,55.37,53.4,0.45,12.52,0.038518,0.0004,0.8931,0.9041,3,1,-73.079,-73.1633,18,17.71,68,2596.17,1
169,2026/5/22,15:23:03,40,9500,37.3,37124,663.7,60.31,40027,456.7,67.28,39308,98.21,94.46,92.77,101.82,105.87,107.8,633.308,633.364,633.358,1.96,0.77,27,27.5,460.67,464.93,444.51,65.97,69.77,66.11,0.74,12.53,0.038488,0.0004,0.8826,0.9021,3,1,-88.4474,-88.8342,34,33.8946,66.8,2598.12,1
170,2026/5/22,15:23:13,60,9500,57,56717,663.71,90.79,60259,452.31,84.97,59389,98.56,95.52,94.14,101.46,104.69,106.22,633.308,633.303,633.301,1.96,0.76,27.1,27.6,457.43,459.84,439.7,84.02,87.57,83.26,0.89,12.5,0.037794,0.0004,0.8741,0.9003,3,1,-110.2895,-110.5532,48,48.4214,65.8,2645.97,1
171,2026/5/22,15:23:24,80,9500,75.1,74683,663.71,119.35,79216,449.7,103.89,78165,98.67,95.55,94.28,101.35,104.66,106.07,633.367,633.336,633.278,1.95,0.76,27.1,27.6,457.28,455.47,436.34,102.98,106.77,101.92,0.97,12.48,0.037321,0.0004,0.869,0.9002,3,1,-134.8421,-135.247,59.1579,59.1611,66,2679.3,1
172,2026/5/22,15:23:35,100,9500,94.6,94125,663.72,150.61,99961,448.62,127.5,98666,98.7,95.4,94.16,101.32,104.82,106.2,633.294,633.353,633.305,1.95,0.76,27.2,27.6,460.66,450.47,434.74,126.22,130.93,125.34,1,12.51,0.036239,0.0004,0.8669,0.9025,3,1,-167.2087,-167.101,69.2956,69.8245,67,2759.45,1
173,2026/5/22,15:23:45,120,9500,113.9,113254,663.71,182.59,121184,448.42,158.28,119522,98.63,94.76,93.46,101.39,105.53,107,633.344,633.346,633.312,1.94,0.76,27.2,27.6,462.47,451.81,430.98,157.79,162.31,154.73,0.97,12.47,0.035208,0.0004,0.8665,0.9003,3,1,-211.1465,-210.8067,77.2328,76.8465,70,2840.54,1
174,2026/5/22,15:23:55,140,9500,125.1,124490,663.71,204.59,135784,449.97,198.94,133520,98.33,93.24,91.68,101.69,107.25,109.07,633.324,633.331,633.323,1.94,0.76,27.2,27.6,467.39,447.19,435.33,198.4,203.43,194.99,0.86,12.45,0.034978,0.0003,0.8695,0.899,3,1,-271.5789,-272.0507,78.7368,78.4628,74.7,2858.75,1
175,2026/5/22,15:24:05,150,9500,124.9,124217,663.71,205.16,136163,450.4,204.79,133811,98.27,92.82,91.22,101.76,107.73,109.62,633.321,633.336,633.321,1.94,0.76,27.3,27.6,467.24,444.01,439.94,203.53,209.4,201.44,0.84,12.41,0.0347,0.0003,0.8704,0.902,3,1,-280.5877,-280.6163,77.8597,77.7551,83.3,2881.96,1
10,2026/5/22,14:09:09,0,10000,-2.3,-2388,663.72,0.2,134,465.21,58.36,-467,1627.3,567.48,5912.54,-41.44,19.78,-5.5,666.693,666.549,666.654,1.97,0.75,27.1,25.5,468.38,471.64,455.6,56.55,59.61,58.94,-0.01,12.65,0.035174,0.0004,0.8989,0.9016,3,1,-81.3772,-81.4782,0,0.1661,79,2843.09,1
11,2026/5/22,14:09:23,20,10000,18.8,19672,663.72,33.94,22524,462.03,63.78,21859,97.04,89.97,87.31,103.05,111.14,114.53,666.598,666.596,666.74,1.97,0.75,27.2,25.5,467.63,469.02,449.45,61.7,65.88,63.75,0.43,12.65,0.035164,0.0004,0.8928,0.8997,3,1,-87.5877,-87.876,18,18.2,77.7,2843.77,1
12,2026/5/22,14:09:35,40,10000,37.9,39630,663.72,64.68,42927,457.5,75.73,42174,98.25,93.94,92.3,101.78,106.45,108.35,666.593,666.714,666.721,1.97,0.75,27.2,25.5,463.85,465.66,443,73.91,78.53,74.78,0.7,12.64,0.035528,0.0004,0.8841,0.8996,3,1,-101.5877,-102.2128,33,33.1461,75,2814.87,1
13,2026/5/22,14:09:47,60,10000,56.4,59136,663.71,95.03,63072,452.81,91.68,62177,98.58,95.11,93.76,101.44,105.15,106.66,666.71,666.631,666.644,1.97,0.75,27.2,25.4,460.12,460.55,437.76,90.27,94.68,90.09,0.86,12.67,0.035334,0.0004,0.875,0.8969,3,1,-121.2544,-121.6082,46,46.1767,73,2830.06,1
14,2026/5/22,14:09:59,80,10000,76.1,79717,663.72,127.6,84691,449.62,111.89,83598,98.71,95.36,94.13,101.31,104.86,106.23,666.632,666.65,666.689,1.97,0.75,27.3,25.5,459.87,456.27,432.71,110.74,115.32,109.6,0.96,12.64,0.03462,0.0003,0.8689,0.9039,3,1,-147.7982,-147.0254,58,57.8188,72,2888.63,1
15,2026/5/22,14:10:10,100,10000,94.4,98803,663.73,158.48,105185,448.3,134.37,103814,98.7,95.18,93.94,101.32,105.07,106.46,666.641,666.673,666.659,1.97,0.75,27.3,25.4,463.01,446.92,434.97,132.55,137.87,132.68,1,12.64,0.034276,0.0003,0.8662,0.9019,3,1,-178.5175,-178.2254,67.4825,67.3616,73,2917.73,1
16,2026/5/22,14:10:24,120,10000,113.6,118941,663.71,192.6,127827,448.24,168.04,126037,98.6,94.37,93.05,101.42,105.96,107.47,666.652,666.671,666.665,1.96,0.75,27.3,25.5,465.3,446.88,432.54,166.71,172.33,165.07,0.97,12.62,0.033788,0.0003,0.8661,0.9028,3,1,-226.9035,-227.2486,75.1754,75.3633,76.4,2959.88,1
17,2026/5/22,14:10:37,140,10000,120.7,126450,663.72,208.38,138300,449.53,202.5,135984,98.33,92.98,91.42,101.7,107.55,109.38,666.682,666.703,666.632,1.96,0.75,27.4,25.5,467.86,436.89,443.84,199.99,207.19,200.34,0.86,12.63,0.033797,0.0003,0.8687,0.9062,3,1,-278.2832,-277.8306,75.2832,75.2933,83,2958.46,1
176,2026/5/22,15:26:37,0,10500,-2.3,-2540,663.71,0.13,88,465.27,57.66,-531,-287.38,506.12,-1677.55,-23.41,20.34,-4.11,699.914,699.895,699.99,1.85,0.75,27.1,27.5,469.75,471.37,454.69,55.78,58.8,58.38,-0.01,12.01,0.035403,0.0004,0.8991,0.9018,3,1,-80.2456,-80.7895,0,-0.3553,63,2824.57,1
177,2026/5/22,15:26:47,20,10500,18.5,20286,663.71,35.07,23275,461.57,63.62,22578,97.01,89.87,87.18,103.09,111.29,114.72,699.962,700.004,700.136,1.85,0.75,27,27.5,469.54,468.53,446.63,61.25,65.84,63.78,0.44,12.02,0.035182,0.0004,0.892,0.9023,3,1,-87.0877,-87.4737,18,18.0121,62,2842.21,1
178,2026/5/22,15:26:57,40,10500,37.5,41295,663.72,67.47,44778,456.24,76.66,43964,98.18,93.92,92.21,101.85,106.48,108.45,700.005,700.035,699.94,1.85,0.75,27,27.5,465.15,463.1,440.47,74.64,79.42,75.91,0.73,11.98,0.035304,0.0004,0.8816,0.9022,3,1,-102.7456,-102.5451,33,33.0451,62,2832.63,1
179,2026/5/22,15:27:08,60,10500,56.6,62208,663.71,100.29,66564,451.67,94.23,65612,98.57,94.83,93.48,101.45,105.45,106.98,699.968,700.072,700.028,1.85,0.75,26.9,27.6,462.15,456.92,435.94,92.55,97.24,92.9,0.89,12.05,0.034619,0.0003,0.8727,0.9003,3,1,-124.9649,-124.3432,46,45.9558,62,2888.52,1
180,2026/5/22,15:27:19,80,10500,75.1,82563,663.72,132.56,87985,449.04,114.77,86821,98.68,95.09,93.84,101.34,105.16,106.57,699.936,700.003,700.034,1.85,0.75,26.8,27.6,463.54,448.85,434.73,112.75,118.07,113.48,0.97,12.01,0.033632,0.0003,0.8677,0.904,3,1,-152.2895,-152.1491,57,56.8714,63,2973.76,1
181,2026/5/22,15:27:30,100,10500,93.8,103171,663.72,166.04,110205,447.32,141.03,108708,98.64,94.93,93.64,101.38,105.35,106.8,699.999,700.017,699.989,1.85,0.75,26.8,27.6,464.17,443.04,434.74,139.02,144.74,139.36,0.99,11.99,0.032565,0.0003,0.8643,0.9042,3,1,-189.0263,-189.2132,66.0439,66.5889,66,3070.49,1
182,2026/5/22,15:27:41,120,10500,108.7,119489,663.59,197.99,131357,449.34,192.59,128996,98.21,92.56,90.9,101.83,108.05,110.03,700.116,700.17,700.114,1.85,0.75,26.7,27.7,491.23,381.19,475.62,179.86,201.74,196.17,0.86,11.99,0.031502,0.0003,0.869,0.9119,3,1,-264.7193,-264.9219,69.4298,70.0935,71.4,3175.66,1
183,2026/5/22,15:27:51,130,10500,109.8,120538,663.7,199.72,132536,450.47,196.32,130172,98.22,92.58,90.93,101.81,108.01,109.97,699.938,699.858,699.995,1.85,0.75,26.7,27.8,481.94,398.3,471.16,186.66,203.71,198.58,0.85,11.99,0.031489,0.0003,0.8706,0.9036,3,1,-270,-269.7768,69.5,68.9553,78.2,3175.99,1
18,2026/5/22,14:13:18,0,11000,-2.4,-2740,663.71,0.32,214,464.85,66.4,-426,-451.78,729.79,-2351.7,-67.94,15.93,-7.51,733.306,733.26,733.383,1.94,0.75,26.7,25.7,472.4,470.83,451.33,64.1,67.57,67.51,-0.01,12.52,0.032526,0.0003,0.8983,0.9051,3,1,-92.5088,-92.8053,0,-0.4382,61,3074.47,1
19,2026/5/22,14:13:33,20,11000,18.2,20920,663.72,36.44,24188,461.85,71.41,23498,97.14,89.01,86.46,102.95,112.37,115.68,733.407,733.334,733.335,1.95,0.75,26.6,25.7,471.42,467.35,446.62,68.91,73.44,71.89,0.41,12.5,0.032527,0.0003,0.8924,0.9017,3,1,-98.5088,-98.1888,17,17.233,60,3074.56,1
20,2026/5/22,14:13:45,40,11000,37.7,43385,663.72,71.21,47266,456.37,83.83,46433,98.24,93.41,91.77,101.79,107.05,108.97,733.375,733.304,733.324,1.94,0.75,26.5,25.8,467.83,463.11,438.17,81.39,86.83,83.26,0.7,12.5,0.032772,0.0003,0.8818,0.9011,3,1,-113.5526,-112.9835,32,32.5728,60,3051.25,1
21,2026/5/22,14:13:58,60,11000,57.1,65728,663.73,106.16,70460,451.51,101.16,69446,98.56,94.64,93.28,101.46,105.67,107.21,733.351,733.349,733.33,1.95,0.75,26.5,25.8,465.99,455.54,433.01,98.9,104.57,100.02,0.88,12.52,0.032056,0.0003,0.8725,0.899,3,1,-135.5614,-136.1026,45,45.2253,61,3119.67,1
22,2026/5/22,14:14:11,80,11000,75.8,87344,663.72,140.67,93365,448.35,122.14,92126,98.67,94.78,93.52,101.35,105.51,106.93,733.353,733.331,733.306,1.94,0.75,26.4,25.9,466.21,438.68,440.16,119.16,124.9,122.35,0.97,12.53,0.031351,0.0003,0.8662,0.9051,3,1,-163.6316,-163.1856,56,55.8846,63,3189.79,1
23,2026/5/22,14:14:26,100,11000,94.9,109364,663.72,176.23,116964,446.58,151.84,115292,98.58,94.88,93.53,101.45,105.41,106.93,733.485,733.503,733.438,1.94,0.75,26.4,25.9,480.65,394.43,464.67,143.01,155.59,156.92,0.98,12.46,0.030402,0.0003,0.8628,0.9038,3,1,-205.1053,-205.5963,65,63.9146,68,3289.34,1
24,2026/5/22,14:14:39,120,11000,105.8,121937,663.67,201.8,133909,449.58,195.64,131526,98.22,92.73,91.08,101.81,107.85,109.8,733.584,733.466,733.562,1.94,0.75,26.4,25.9,488.17,382.47,478.1,183.75,203.69,199.48,0.87,12.5,0.030437,0.0003,0.8685,0.9013,3,1,-269.6726,-270.3626,66.9292,66.4007,74.2,3285.57,1
184,2026/5/22,15:31:47,0,11500,-2.5,-2980,663.72,0.29,195,464.85,66.39,-473,-724.52,663.72,-3785.13,-48.8,15.92,-6.48,766.54,766.75,766.756,1.89,0.75,25.3,27.8,473.55,469.88,451.13,64.18,67.39,67.61,-0.01,12.16,0.03253,0.0003,0.8983,0.9028,3,1,-92.3913,-92.8807,0,0.0111,52,3073.97,1
185,2026/5/22,15:31:57,20,11500,17.9,21589,663.7,37.84,25112,461.37,71.88,24362,97.01,88.63,85.99,103.08,112.83,116.3,766.703,766.646,766.753,1.9,0.75,25.2,27.8,473.32,464.84,445.94,69.28,73.71,72.64,0.42,12.2,0.032347,0.0003,0.8915,0.9035,3,1,-99.0087,-99.3024,17,16.6588,52.7,3091.64,1
186,2026/5/22,15:32:08,40,11500,36.2,43647,663.71,71.98,47776,455.95,84.06,46910,98.18,93.03,91.34,101.85,107.49,109.48,766.7,766.659,766.596,1.91,0.75,25.2,27.8,469.11,459.43,439.31,81.62,86.67,83.89,0.71,12.26,0.032606,0.0003,0.8812,0.9009,3,1,-114.0086,-114.9009,31.0517,30.7341,53,3066.75,1
187,2026/5/22,15:32:19,60,11500,56.9,68584,663.71,111.04,73697,450.43,103.56,72633,98.56,94.41,93.05,101.47,105.92,107.47,766.74,766.611,766.644,1.91,0.75,25.2,27.8,465.36,443.76,442.16,101.17,105.59,103.93,0.9,12.31,0.031205,0.0003,0.8705,0.9026,3,1,-139.2281,-138.897,44.7807,44.6565,55,3204.63,1
188,2026/5/22,15:32:29,80,11500,75,90388,663.72,145.86,96808,448.23,125.4,95476,98.62,94.68,93.37,101.4,105.63,107.11,766.696,766.703,766.76,1.92,0.76,25.2,27.8,468.15,428.58,447.95,121.71,127.52,126.96,0.98,12.32,0.030315,0.0003,0.8657,0.9032,3,1,-168.8684,-168.1968,55,55.1565,58,3298.65,1
189,2026/5/22,15:32:39,100,11500,94.3,113612,663.7,185.7,123233,447.24,164.37,121312,98.44,93.74,92.28,101.58,106.74,108.43,766.919,766.869,766.919,1.92,0.76,25.2,27.8,480.11,389.96,471.66,155.07,168.74,169.29,0.95,12.37,0.028479,0.0003,0.8636,0.9169,3,1,-223.5043,-221.3703,62.9826,63.7449,62,3512.43,1
190,2026/5/22,15:32:50,120,11500,97.9,117973,663.62,195.97,130029,448.15,191.51,127638,98.16,92.36,90.67,101.87,108.27,110.3,767.006,767.174,766.987,1.93,0.76,25.3,27.8,486.37,379.35,478.75,180.07,199.14,195.32,0.86,12.37,0.028464,0.0003,0.8667,0.9035,3,1,-264.6111,-262.2755,62.5,62.1782,67.9,3512.8,1
25,2026/5/22,14:17:57,0,12000,-2.5,-3122,663.73,0.63,414,464.75,73.59,-260,-161.9,219.15,-1227.62,40.47,7.93,-13.79,800.083,800.006,800.026,1.94,0.75,26.3,26,476.23,468.2,449.83,71.24,74.39,75.15,0,12.5,0.030163,0.0003,0.8981,0.8935,3,1,-102.386,-102.5321,0,0.7281,52,3315.47,1
26,2026/5/22,14:18:10,20,12000,17.4,21856,663.79,38.49,25550,462.1,78.53,24836,97.2,87.98,85.51,102.89,113.68,116.96,800.026,800.05,799.93,1.94,0.75,26.2,26,480.66,471.32,434.31,74.4,81.85,79.33,0.4,12.48,0.030172,0.0003,0.8929,0.902,3,1,-108.2456,-107.9051,16,16.1747,52,3314.61,1
27,2026/5/22,14:18:22,40,12000,36,45179,663.75,74.66,49551,454.95,90.16,48655,98.19,92.9,91.21,101.85,107.67,109.66,800.06,800.098,799.949,1.94,0.75,26.2,26,475.61,454.31,434.92,86.68,92.99,90.82,0.68,12.5,0.030637,0.0003,0.8791,0.906,3,1,-122.6783,-122.18,30,30.2094,53,3264.22,1
28,2026/5/22,14:18:35,60,12000,56.4,70874,663.74,114.96,76304,450.41,108.49,75212,98.57,94.23,92.88,101.45,106.13,107.67,799.919,800.043,800.043,1.94,0.75,26.2,26,465.45,441.13,444.64,106.01,110.14,109.32,0.89,12.5,0.029543,0.0003,0.8702,0.9025,3,1,-147,-146.9126,43.4386,42.9307,55,3385.06,1
29,2026/5/22,14:18:47,80,12000,75.3,94653,663.74,152.96,101524,448.12,131.84,100128,98.63,94.53,93.23,101.39,105.79,107.27,800.144,800.242,800.213,1.94,0.75,26.2,26,472.28,410.25,461.84,126.54,132.96,136.02,0.98,12.49,0.028558,0.0003,0.8659,0.904,3,1,-178.6842,-178.0589,54,54.3828,58,3501.53,1
30,2026/5/22,14:19:00,100,12000,92.6,116379,663.7,191.19,126874,447.54,169.89,124859,98.41,93.2,91.72,101.62,107.32,109.05,800.232,800.249,800.276,1.94,0.75,26.3,26,480.77,385.65,476.21,160.38,174.1,175.2,0.95,12.49,0.027456,0.0003,0.8648,0.9047,3,1,-232.6956,-233.3151,60.9913,61.0431,63.8,3643.08,1
31,2026/5/22,14:19:12,110,12000,94.1,118245,663.51,196.67,130466,446.24,189.5,128103,98.19,92.34,90.66,101.85,108.31,110.31,800.846,800.813,800.892,1.94,0.75,26.4,26,485.83,372,480.9,177.64,196.58,194.28,0.88,12.49,0.027414,0.0003,0.8623,0.899,3,1,-262.1053,-262.8595,60.1053,60.1851,71.9,3647.49,1
191,2026/5/22,15:36:23,0,12500,-2.4,-3132,663.75,0.67,440,465.98,74.05,-267,-126.56,12.7,-1107.24,96.41,9.28,-13.56,833.355,833.416,833.179,1.96,0.76,26.1,27.8,482.12,470.64,445.18,70.81,75.08,76.26,0,12.51,0.030154,0.0003,0.9004,0.8946,3,1,-102.4737,-101.3988,0,0.5554,51.7,3316.63,1
192,2026/5/22,15:36:33,20,12500,17.5,22917,663.77,40.64,26974,460.95,78.95,26128,96.88,87.81,85.06,103.23,113.91,117.58,833.365,833.347,833.206,1.96,0.76,26.1,27.9,476.89,455.28,450.69,76.6,79.59,80.65,0.41,12.53,0.030034,0.0003,0.8906,0.889,3,1,-109,-109.9849,16,17.2412,52,3330.08,1
193,2026/5/22,15:36:44,40,12500,36.1,47256,663.71,77.47,51413,454.67,91.88,50479,98.17,93.51,91.8,101.86,106.97,108.96,833.239,833.411,833.373,1.96,0.76,26.1,27.9,478.14,433.65,452.22,88.61,92.06,94.98,0.7,12.53,0.029992,0.0003,0.8781,0.9028,3,1,-125.1491,-124.8533,30,30.3274,53.2,3332.74,1
194,2026/5/22,15:36:56,60,12500,55.8,73001,663.73,118.87,78894,449.72,110.92,77685,98.47,93.99,92.55,101.56,106.44,108.1,833.428,833.548,833.481,1.96,0.76,26.2,27.9,472.71,418.61,457.83,106.97,111.16,114.64,0.9,12.54,0.02891,0.0003,0.8691,0.897,3,1,-150.1966,-151.2243,43,42.8909,56,3459.76,1
195,2026/5/22,15:37:06,80,12500,74.6,97721,663.72,158.64,105289,445.48,137.13,103723,98.51,94.37,92.97,101.51,106.07,107.68,833.828,833.827,833.693,1.96,0.76,26.2,28,471.65,399.38,465.42,131.06,138.35,141.97,0.98,12.55,0.027314,0.0003,0.8604,0.9017,3,1,-186.386,-186.6396,53,53.2821,60,3662.73,1
196,2026/5/22,15:37:19,100,12500,88,115531,663.52,191.78,127225,447.73,177.41,125004,98.26,92.57,90.96,101.77,108.13,110.05,834.185,834.218,834.246,1.95,0.76,26.3,27.9,476.85,386.15,480.18,168.15,181.71,182.35,0.91,12.51,0.026031,0.0003,0.8643,0.9211,3,1,-245.5175,-242.4816,57.3597,57.5519,65.5,3844.93,1
197,2026/5/22,15:37:29,110,12500,87.3,113948,663.32,191.06,126701,444.64,186,124272,98.08,91.63,89.87,101.96,109.17,111.31,834.107,834.183,834.1,1.96,0.76,26.4,28,483.77,366.18,483.98,174.07,192.72,191.21,0.87,12.51,0.025684,0.0003,0.8606,0.9054,3,1,-258.2193,-260.1233,56.2193,57.3147,73,3893.58,1
32,2026/5/22,14:22:23,0,13000,-2.6,-3472,663.72,0.95,629,465.84,80.15,-97,36.59,86.47,-279.93,78.97,3.66,-17.46,866.762,866.615,866.534,1.9,0.75,26.7,26.1,485.43,471.16,440.92,76.17,81.49,82.8,0,12.28,0.028299,0.0003,0.9002,0.8892,3,1,-110.5044,-109.7414,0,1.3832,53,3533.5,1
33,2026/5/22,14:22:34,20,13000,17.7,24122,663.71,42.61,28276,461,84.97,27487,97.19,87.83,85.36,102.9,113.99,117.29,866.758,866.628,866.604,1.9,0.74,26.7,26.2,470.77,455.6,456.62,83.65,85.19,86.06,0.41,12.27,0.028268,0.0003,0.8904,0.8979,3,1,-116.7018,-117.4232,15.9825,15.9235,54,3537.79,1
34,2026/5/22,14:22:46,40,13000,36.8,50066,663.71,82.82,54968,453.34,97.9,54278,98.73,92.29,91.11,101.3,108.37,109.77,866.667,866.859,866.663,1.9,0.74,26.6,26.2,467.04,431.69,461.28,96.53,95.96,101.22,0.71,12.29,0.028209,0.0003,0.8761,0.9056,3,1,-132.9386,-132.6307,29.9649,30.3997,55,3545.65,1
35,2026/5/22,14:22:59,60,13000,55.6,75695,663.73,123.63,82056,451.19,115.1,80861,98.54,93.67,92.31,101.48,106.76,108.33,867.116,867.066,866.856,1.9,0.74,26.6,26.2,468.82,423.32,461.42,112.06,114.92,118.34,0.9,12.26,0.02759,0.0003,0.8716,0.9004,3,1,-156.713,-156.9904,42,41.8863,58.1,3625.23,1
36,2026/5/22,14:23:11,80,13000,74.5,101317,663.7,165.64,109924,449.18,143.02,108319,98.54,93.5,92.14,101.48,106.99,108.57,867.24,867.213,867.377,1.89,0.75,26.6,26.3,473.05,404.32,470.18,137.39,144.04,147.62,0.97,12.29,0.025908,0.0003,0.868,0.9041,3,1,-195.8318,-195.9206,52,52.3656,62.2,3861.79,1
37,2026/5/22,14:23:23,100,13000,84.9,115590,663.43,192.18,127472,442.69,183.66,125154,98.18,92.37,90.69,101.85,108.35,110.35,867.54,867.478,867.531,1.89,0.74,26.6,26.4,467.07,386.33,474.67,175.4,187.62,187.96,0.89,12.26,0.025087,0.0003,0.856,0.907,3,1,-254.2281,-255.6935,54.7807,56.064,68.6,3985.64,1
